source	target	exposure
eng	que	3
krl	est	1
uzb	hun	7
frm	hbs	1
swe	kan	1
hun	mon	4
fra	spa	36240
hmb	eng	3
eus	bre	2
est	heb	2
btg	fra	1
spa	hub	1
eng	bpr	1
krl	kir	1
hin	slv	1
glg	jpn	2
ita	mlg	2
jpn	fao	1
eng	plw	1
vie	cat	2
tgk	ben	1
tcs	mwp	1
ava	kat	3
rom	nld	1
kir	swa	3
non	deu	58
eng	zho	40475
nor	cym	3
enf	por	1
tgk	bul	1
sag	deu	2
kpy	est	1
hit	spa	1
ron	deu	749
grc	mdm	2
ara	lah	1
yid	spa	23
sux	ron	2
kaa	tuk	1
xra	por	1
yid	ita	31
eng	gvn	1
bak	est	1
rus	eus	26
non	ces	1
san	mol	3
kir	spa	12
kat	krc	2
jpn	lav	18
dan	frr	2
por	eng	2297
heb	tyv	1
fil	zho	1
ara	fod	1
syr	kor	1
arc	lit	11
ara	tha	1
kaz	spa	3
tzm	fra	43
dan	mon	21
lat	eus	34
chv	fra	1
hbs	mar	1
spa	roh	1
lat	nld	593
cat	fin	10
bel	urd	2
slk	eng	398
krc	slk	1
grc	del	1
san	sqi	1
sqi	ron	17
swe	sma	10
spa	swa	1
grc	faa	1
csb	eng	1
tam	heb	1
msa	deu	50
zho	bel	1
enh	rus	1
lad	fra	4
hin	nld	20
zho	uzb	1
tur	sqi	122
egy	bul	5
mar	kan	22
zho	kir	5
tuk	kaa	5
nep	slv	1
san	hun	44
pol	asm	1
fra	frp	3
fra	msa	198
bel	tyv	1
swe	ita	184
tyv	alt	2
heb	rcf	1
mga	deu	1
fra	mkd	364
doi	eng	5
spa	ltz	1
lit	swe	25
dum	eng	15
mya	rus	5
bel	aze	5
swe	bul	92
fas	kur	4
och	deu	4
srm	nld	25
hbs	ara	36
amh	ron	2
chv	bel	2
arg	ast	1
ita	ori	4
glg	rus	2
abq	abk	1
bre	zho	1
zho	tel	2
gez	deu	2
gwi	eng	1
grc	knp	5
fra	tgk	12
cuk	eng	1
dan	heb	17
non	jpn	1
bel	pol	89
dar	slk	1
pan	urd	18
epo	fin	6
dum	lat	3
kaa	mol	2
mya	deu	6
udm	rus	88
mlt	ces	1
guj	tel	5
grc	aom	1
lat	kaa	1
ita	ben	5
com	spa	1
grc	heb	33
sux	ita	2
let	eng	1
bul	vie	6
fra	lee	2
heb	slv	52
grc	pol	625
grc	kan	4
afr	ron	1
est	lat	1
lit	bel	18
bua	tyv	1
kir	est	8
bul	ara	35
ron	mkd	33
grc	lee	7
lat	isl	23
sjd	est	1
spa	ctu	1
nld	por	169
eus	heb	1
spa	fra	8387
urd	nep	3
pol	heb	81
guj	fin	1
ukr	kor	1
zho	dan	88
hin	nor	2
urd	fra	18
grc	nhr	1
akk	ita	1
urd	tuk	1
fra	tuz	2
guj	jpn	5
spa	mar	1
mal	zho	1
vie	kor	1
enf	nor	1
och	eng	3
lat	amh	1
mcd	spa	2
urd	sin	2
bul	chv	1
nyj	fra	2
fra	epo	36
tam	ori	9
spa	ara	339
grc	obo	2
kat	heb	1
lui	spa	1
kat	ita	6
tha	swe	1
grc	adj	2
tam	deu	12
grc	lit	81
eng	mlt	30
fro	fra	369
lit	asm	2
swe	san	1
isl	cat	2
nld	lat	7
fra	srr	4
grc	buu	3
gmh	deu	351
nld	wln	4
grc	mfe	1
pli	zho	1
yum	spa	1
oci	cat	2
mar	ben	4
gle	bre	2
mal	deu	7
orv	ron	1
udm	eng	6
hin	kok	1
fra	wln	21
deu	ava	1
hbs	hin	2
hbs	lez	1
orv	deu	12
cat	spa	5343
fil	fra	3
bel	mon	2
bre	cos	1
amh	ell	1
kor	mlg	3
eng	bod	7
oci	nor	2
mol	kaz	8
ron	fas	3
ita	sah	1
ori	mal	6
eng	bps	11
hye	kaz	6
spa	urd	5
zho	lav	5
fak	spa	1
est	uig	2
sin	jpn	5
kaa	kir	1
fro	deu	60
oge	ell	1
ron	dan	9
aze	ara	8
eng	mbi	3
hye	mon	1
tha	msa	1
deu	gla	2
lav	bel	10
kaz	fas	1
krc	hun	2
heb	enm	6
hbs	mkd	524
swb	fra	1
ita	mal	10
nor	tgk	1
ori	dan	1
spa	lat	6
ces	asm	1
vec	nor	1
nor	slv	35
grc	cko	2
deu	hin	63
ita	amh	1
ofs	nld	1
kat	jpn	2
heb	nnw	1
bis	fra	1
ara	por	93
rus	slk	1888
tuk	hau	1
cym	gla	13
kir	guj	1
ces	mal	1
grc	ben	20
uzb	ces	1
tmh	eng	1
bak	tuk	4
por	ara	30
arc	deu	26
nyj	jpn	1
arc	lad	2
eng	mwf	3
yid	bul	7
jpn	cat	57
fas	fra	294
eng	kon	1
eng	arg	6
grc	ino	1
otk	bul	1
tur	dan	53
heb	fro	2
hun	por	44
bel	nld	4
heb	tel	1
lat	fao	1
bel	uzb	11
kat	hye	33
ckt	hbs	1
pan	ori	3
urd	fas	26
sin	ben	1
eng	kkj	3
rus	lit	2279
spa	mcb	1
pol	cat	41
sin	nep	1
ces	uig	1
non	ita	6
msa	kaz	1
dan	bul	76
ave	fas	3
eng	gez	1
ukr	tgk	13
paw	eng	1
tuk	ces	1
orv	uzb	1
fin	epo	3
isl	tur	1
mol	uzb	7
isl	por	1
grc	anv	1
eng	abx	1
tuk	lav	7
jpn	zho	7196
sux	est	2
lit	epo	7
san	kas	1
fra	tbz	7
vie	oss	1
fra	xuo	5
nor	lat	2
sna	fra	1
uzb	hye	9
bod	nld	44
ckt	ukr	1
grc	mif	14
gup	eng	1
hun	kaz	8
kaz	tat	3
kum	tuk	1
sux	kat	2
enm	nor	1
deu	fra	23153
fin	lit	53
nor	mol	5
bul	lit	32
slv	kaz	3
hye	cat	4
dan	nya	1
sin	uzb	1
ces	cat	47
eng	aoi	1
grc	mcu	2
lat	jpn	305
swe	urd	4
fra	dnn	8
tur	spa	73
bul	bel	27
heb	obo	1
dan	pus	2
eng	kac	1
ukr	aze	21
dan	uig	2
fra	ozm	7
ces	hun	1355
fas	msa	23
ckt	kat	1
mfe	fra	4
lat	oji	1
lat	ces	400
rup	bul	1
urd	ben	103
grc	caa	1
ave	rus	1
tat	vie	1
epo	deu	4
mol	deu	22
hin	kan	44
bel	kir	9
cat	cos	1
sqi	jpn	5
mkd	lit	3
xtm	spa	1
rom	eng	7
bod	est	8
mor	hun	2
est	hye	10
ltz	deu	2
yrk	rus	33
dan	epo	12
hun	tur	40
chv	swe	1
lav	por	3
dan	smj	3
tuk	spa	1
jpn	guj	1
hbs	eng	3899
swe	ces	317
ave	deu	1
eng	prt	3
kom	khm	1
fro	tur	3
deu	inh	1
fin	iku	1
vie	fas	1
heb	srn	5
mlt	ita	1
hun	cat	21
isl	ukr	2
spa	isl	110
ykg	eng	1
ron	kor	17
ukr	fas	2
mol	bel	8
fra	dur	1
mri	ton	1
eng	mgo	2
spa	cbt	1
egy	zho	1
ska	eng	1
cat	dan	12
grc	erk	1
dum	nld	36
heb	gnn	1
chv	tat	2
ron	hye	6
abk	aze	1
eng	ifa	2
hbs	est	4
gag	ron	1
ita	fil	1
lat	hye	1
deu	hbs	5034
slk	sqi	2
bod	swe	12
snd	asm	1
kpy	bul	1
fra	ces	4147
nij	eng	1
nap	deu	2
heb	slk	42
ell	fin	43
cym	hun	2
kor	fra	1119
deu	swe	3747
eng	mon	207
por	kor	51
dan	tur	126
hye	ron	13
ces	roh	1
dan	ast	3
kum	mol	1
tur	msa	8
aoi	eng	1
deu	epo	73
grc	bwu	4
eng	lkt	1
lav	fin	19
lav	hbs	2
msa	ukr	1
lat	mol	18
grc	swe	320
kal	sme	2
swe	kal	8
kum	rus	37
uzb	eng	23
dum	cat	1
yid	lad	1
zho	vie	30
doi	hin	3
msa	kor	3
mlt	fra	4
lav	slk	29
urd	uzb	2
rus	gag	6
ang	ces	3
bul	mon	1
guj	tam	11
est	fra	70
bod	fin	11
pam	fil	1
oss	kat	38
slv	roh	1
msa	jpn	77
syr	hye	2
dar	tgk	1
eng	khm	7
omn	deu	1
eng	ken	5
ava	tur	1
oss	slk	3
grc	bss	1
nld	fao	4
gla	sco	1
egy	nld	2
heb	xrb	1
dar	kum	1
vls	spa	1
por	kaa	1
yid	lit	6
coj	eng	1
tha	hun	1
rom	bul	1
iku	sme	1
pli	deu	66
kir	uzb	12
moh	eng	1
slv	ukr	11
frm	por	3
zho	yiz	222
ara	spa	1129
sco	fra	3
rus	ara	1534
psi	deu	1
heb	yam	1
mar	pol	2
hye	lav	8
nci	deu	5
syr	jpn	4
tat	spa	1
grc	gnn	1
urd	guj	3
grc	ady	1
grc	dan	305
sme	ell	1
ell	ita	145
fra	rcf	13
ces	por	95
spa	ron	478
lav	mar	1
kan	jpn	2
slk	deu	350
heb	msa	1
sco	eng	13
grc	cre	1
dum	deu	3
bam	deu	3
vie	ben	2
spa	cos	2
zho	khb	2
grc	tyv	1
pro	tur	1
non	nor	70
pol	ita	316
fin	por	16
spa	kir	10
grc	tpi	1
ben	uig	15
fin	slv	35
che	tat	1
isl	swe	189
guj	san	1
udm	hun	2
kaz	tur	2
lit	tel	3
epo	hun	18
acf	eng	1
ukr	che	1
crs	eng	1
spa	mal	14
xeb	eng	1
man	eng	5
deu	tam	46
enf	dan	1
pan	deu	8
tur	rom	1
bod	msa	2
est	kat	12
epo	zho	6
hun	tgk	5
fri	ita	1
ron	tgk	4
afr	kua	1
deu	nor	2333
tha	tam	1
swe	est	777
est	gle	2
hbs	kir	1
rcf	fra	32
por	hbs	231
gld	lit	2
ktu	deu	1
bul	rus	1113
slv	eng	465
kan	spa	1
fas	hin	7
eng	blw	3
zho	msa	18
sqi	slv	9
lit	deu	178
ron	lav	4
kpy	ukr	1
hye	tel	2
ibo	deu	1
kaz	lav	4
krc	kbd	1
lao	eng	10
zho	hmn	25
asm	swe	1
est	isl	1
deu	gsw	52
sux	spa	16
eus	ukr	1
ces	bre	1
bis	eng	1
grc	bre	6
swa	msa	1
ces	kaa	2
bci	eng	1
grc	hun	309
rus	mkd	285
nog	kaa	1
fra	asm	23
nog	tat	1
kir	mal	3
ita	bel	9
smo	dan	1
rus	tyv	142
eng	hnn	1
bul	aze	10
spa	hye	12
akk	est	1
kur	ara	6
fro	hbs	6
eng	jao	2
jpn	heb	28
grc	wwa	9
tuk	ara	5
pol	mkd	39
akk	tur	1
kir	ces	4
deu	kbd	1
mon	mol	3
eng	lns	10
frm	cat	1
csb	pol	1
uzb	fra	16
ben	guj	64
let	est	1
bua	ukr	4
pli	san	1
aze	tuk	9
bre	deu	24
nld	vie	2
yid	zho	5
sot	deu	2
grc	cjv	1
akk	fin	2
kor	dan	28
mal	kan	14
fas	sqi	27
msa	por	1
ita	gle	4
eus	fra	58
pro	rus	4
deu	syr	1
nor	uig	1
kur	kat	6
cul	spa	1
spa	ell	904
pol	ukr	136
grc	ltz	2
pli	tur	1
dan	tsz	2
mya	slk	1
rus	yor	10
grc	kbp	4
ibo	cat	1
ava	lez	1
sbg	fra	1
dan	por	141
jav	jpn	1
lav	dan	5
ori	swe	1
heb	roh	1
bel	jpn	3
eng	iku	68
eng	swg	12
chu	hbs	26
grc	bib	2
abk	spa	1
nor	eng	1330
spa	arg	24
ori	san	3
tam	tel	27
tur	kur	9
ell	slv	16
rus	uig	390
aze	ron	1
ava	hin	2
heb	chu	1
por	ita	357
ell	chu	1
jpn	rus	507
pol	eng	2273
uzb	lav	6
ita	hin	2
heb	tuk	1
fas	sin	1
mya	ukr	1
mol	ita	11
ara	ben	47
tam	san	3
frm	deu	11
slv	pol	37
kaz	ukr	21
isl	nld	36
fra	idd	1
fro	hun	8
sqi	nld	30
heb	sil	2
ibo	fra	1
nld	afr	2
est	spa	42
dar	tab	1
nor	est	138
lav	mal	1
ara	kur	5
eng	hur	1
grc	kyf	1
eve	rus	7
ach	fra	1
mfe	eng	5
mkd	hbs	205
grc	msa	17
tuk	tat	1
asm	pol	3
tam	hin	28
tat	ell	2
hbs	tab	1
eng	hbs	23121
ara	ori	4
zho	kaz	321
spa	bul	409
spa	pan	1
san	ron	43
dan	mya	1
sin	fra	4
dan	lav	73
lav	kaz	3
eng	gue	1
ava	tab	1
pro	ces	1
tel	fra	11
grc	mba	1
nor	kor	18
som	fra	4
por	cat	221
hbs	nld	98
gmh	zho	1
tur	urd	2
jrb	fra	2
ell	fas	5
grc	ifu	1
ita	cym	1
mkd	ell	7
por	hun	232
ori	tam	3
chu	fin	2
fra	fri	4
fin	eng	1579
sqi	deu	152
orv	fra	2
kjb	spa	2
uzb	deu	14
swe	mkd	24
cym	glg	2
grc	beh	1
grc	san	1
deu	eus	320
bel	swe	6
tgk	mol	5
bal	pus	1
heb	xuo	1
eng	agq	3
ben	mkd	6
pli	hin	3
lav	ukr	27
slk	lit	15
por	aze	1
spa	rom	1
hye	ukr	31
evn	ces	1
eng	ara	6684
hin	tgk	4
ukr	slv	1
shn	mya	3
heb	fra	1279
san	tur	2
grc	bkd	3
grc	nay	1
swe	por	122
uga	rus	1
por	nor	143
fra	cos	39
kik	rus	2
swe	fri	14
spa	est	207
mon	aze	2
ron	kir	3
hin	fra	75
eng	kwn	1
chv	aze	2
eng	obo	1
zho	fas	9
pus	kaz	3
fao	est	2
grc	afr	7
kor	oss	1
kat	cat	1
ave	fra	3
epo	kor	2
ron	cat	8
ron	kaz	1
nog	kaz	3
chu	pol	3
mol	hye	3
heb	adj	2
hye	kur	3
spa	por	5201
rus	crh	13
hat	ita	1
grc	ceb	2
grc	zmz	1
swa	deu	17
fra	wol	13
fra	ful	5
lbe	aze	1
kor	kat	1
hin	kat	1
spa	hbs	1112
ori	hun	2
est	deu	446
zho	ori	4
goh	eng	3
afr	heb	1
ben	bre	1
tur	kat	11
san	dan	23
abk	swe	1
ain	eng	1
tur	deu	689
khm	deu	8
uig	rus	33
fro	pcd	1
lah	urd	5
glg	ukr	1
tel	pol	2
fra	nld	11612
pus	ara	1
sqi	eng	268
aze	jpn	1
fra	tam	33
jrb	heb	2
sre	fra	1
pol	tur	29
lrl	fra	1
hbs	fin	24
hbs	epo	25
urd	tur	76
ara	tyv	1
grc	sjm	4
fra	bjt	2
oci	ita	3
nor	tur	30
frr	deu	5
grc	haz	1
rus	kpy	7
lat	pol	578
abk	est	2
chg	rus	5
zho	hun	129
eng	kaa	5
hye	hun	14
grc	jvn	5
eng	bre	58
cop	deu	16
ita	eus	122
lat	gmh	7
guj	hin	115
liv	fin	1
swe	dan	7513
rus	ori	99
wgg	eng	1
lit	kat	8
eus	hun	1
srd	lat	1
ben	fin	5
isl	heb	3
gle	glg	3
fra	wni	1
zho	hni	11
tel	deu	22
kaz	aze	4
eng	xsm	3
kir	tam	5
isl	pol	7
fas	tat	2
sqi	por	10
bul	epo	16
tgk	tuk	6
grc	blw	1
jpn	ara	32
lkt	eng	4
est	cat	1
non	fin	5
sum	deu	1
cbs	spa	1
tat	chv	2
hlb	eng	1
iku	fra	9
fra	lao	1
grc	ozm	9
ful	eng	2
uzb	guj	1
lat	dan	236
kal	swe	3
fra	sin	31
yid	est	9
bel	deu	54
ces	sah	1
mon	est	2
brh	urd	1
cre	dak	14
haw	ces	1
fra	gur	4
kaz	hun	2
fas	ori	1
dan	mal	1
heb	udm	2
eng	bvz	1
sqi	bul	13
hin	uzb	8
lav	kaa	2
hau	fra	1
pli	msa	1
ukr	spa	27
akk	pol	6
eng	tbw	3
fra	ktu	1
kur	hye	1
acr	fra	1
lat	ara	41
ces	fas	16
fro	zho	2
hbs	xal	1
dan	kir	1
nor	bel	1
pli	kor	1
por	glg	59
hbs	ita	606
kbd	hye	1
fas	glg	1
smn	nor	1
grc	srn	8
lav	tuk	5
ozm	fra	1
eng	gle	112
fro	spa	125
cre	fra	4
kib	eng	1
hin	san	18
mic	fra	2
ben	eus	3
mhg	eng	1
fil	ita	1
kir	bul	2
deu	sqi	583
mol	kaa	2
eng	suq	3
fra	fmp	3
frm	ori	1
grc	enm	2
pli	kan	1
grc	kzr	5
chu	krl	1
uzb	pol	4
nhv	spa	1
uzb	urd	10
spa	fas	97
cym	cat	1
por	ukr	15
hbs	heb	18
bod	ben	7
ara	isl	9
dan	sah	1
slk	hye	4
ron	fin	8
paw	deu	1
grc	msb	1
wlm	nor	1
deu	eng	28028
vie	lit	7
nor	deu	1973
cat	por	35
mol	bul	14
deu	bik	1
arc	ces	15
grc	yre	1
spa	hun	811
fro	glg	3
mic	eng	3
eng	ndo	3
heb	lit	38
lit	khm	2
yuc	eng	1
mns	rus	11
dan	ces	164
dum	hun	1
fur	ita	3
ara	msa	1029
heb	daa	4
vie	rus	75
spa	cat	3616
por	isl	5
kir	swe	6
ara	mlg	2
dan	tiz	1
pib	spa	1
frr	fra	1
xal	oss	1
arx	eng	1
ara	kat	7
kaz	kaa	8
deu	abk	1
ncx	spa	1
nep	ori	1
jpn	sqi	25
slk	nld	13
taa	eng	2
kor	heb	3
tur	asm	1
sux	eng	24
tuk	mal	1
san	por	29
sba	fra	1
tuk	lao	1
lad	eng	12
tam	ita	1
tur	lit	15
fra	fao	4
sqi	lit	1
bul	ron	58
hye	bul	28
aze	ces	6
kat	ukr	47
mya	vie	1
urd	rus	21
tha	fra	38
fra	tbt	3
fin	bel	5
tam	kor	1
heb	tpm	1
slv	ron	4
fro	swe	3
msa	ara	1
eng	gjn	2
gle	hbs	3
chm	est	10
myv	est	6
heb	fod	1
xua	deu	1
kaz	kor	11
est	tuk	4
tel	asm	2
vie	bel	4
kor	deu	197
eng	yam	4
mon	eng	17
arc	hbs	2
arc	fin	3
kas	guj	1
swe	sme	50
ang	hun	1
spa	swe	661
eng	kaz	112
sqi	ell	91
mal	fra	13
eng	tnd	1
swe	kor	26
ita	dan	616
spa	deu	6493
fra	bba	4
tyv	kaz	1
heb	krc	1
yid	mol	4
pro	jpn	2
fra	grc	3
vie	bak	1
syr	ara	1
kik	eng	10
swe	tir	7
ara	afr	1
swe	ron	85
fas	eus	2
lat	roh	2
ita	ara	135
guj	deu	3
est	kaz	11
mal	ces	1
est	mon	3
fra	box	23
ces	eng	3118
tuk	ori	1
hun	mkd	18
sin	eng	23
kur	rus	19
jpn	deu	2090
fas	hbs	43
fij	fra	1
eng	cgc	3
tgk	lav	4
kat	hun	12
kaq	spa	2
mar	zho	1
jpn	asm	1
tel	mar	2
tat	kaa	5
cat	swe	19
ita	isl	43
kat	epo	2
cop	eng	59
eng	bfd	4
rus	sme	3
ron	lat	4
wol	deu	1
xno	deu	1
spa	prt	1
cat	fra	689
mcb	spa	5
grc	tuz	1
que	eng	7
ara	est	17
est	vep	1
gle	hun	3
mga	eng	9
abk	tur	2
jpn	nld	334
aze	fra	9
alt	tyv	1
grc	orv	2
akk	ces	4
fin	pol	109
isl	tha	1
grc	bcq	1
msa	tur	2
hbs	zho	14
vie	ell	1
osp	jpn	1
moz	fra	1
bod	asm	2
eng	mcu	2
kir	mar	2
mkd	kaz	1
jav	eng	5
nor	kaz	6
nyj	eng	1
gle	swe	5
spa	asm	7
eng	ful	2
tat	eng	5
hin	lit	5
epo	slk	2
ang	eng	88
uzb	kat	2
gle	deu	82
deu	tuv	1
gmh	pdt	1
lat	mkd	29
tel	rus	6
pus	fra	9
eng	cro	1
eng	bar	1
rus	hin	553
epo	hbs	7
est	nld	10
uga	ces	1
grc	ron	251
sin	rus	4
tur	bul	64
fkv	eng	1
chv	rus	169
tam	ben	6
lad	roh	2
ivv	eng	1
hye	rus	478
gmh	ron	1
fao	eng	11
ita	glg	98
ipk	eng	4
rus	kum	55
bet	fra	1
heb	gjn	1
eng	anv	9
ell	est	18
grc	hye	15
tel	nld	2
xal	tyv	1
tur	eus	3
deu	miq	1
bak	hun	2
bod	heb	1
tat	aze	4
uby	eng	1
fas	zho	28
rus	nld	1035
swe	cat	121
eng	nld	73423
zho	oci	2
pol	rus	1560
pli	est	4
ukr	mlg	1
lat	spa	2898
fra	pap	1
chm	eng	2
grc	goh	1
heb	ron	50
eng	sjm	5
mon	tuk	2
jpn	mon	27
ijc	eng	1
ava	xal	1
tam	jpn	8
bak	bul	1
fur	fra	2
san	nor	9
nor	roh	1
eng	xon	1
eng	ast	48
vie	ara	4
tur	isl	2
que	pol	1
jpn	fra	8576
grc	box	2
grc	flr	9
por	kaz	5
sme	sma	3
fra	kaa	3
tpw	eng	1
rus	bak	457
cym	nld	9
mar	deu	9
gmh	kat	2
non	pol	1
grc	ncf	1
ukr	ara	10
enm	eng	149
rus	dar	59
deu	chv	1
sga	eng	9
ota	fra	4
bel	rus	707
pan	hin	118
deu	fil	2
koy	eng	1
cos	eng	1
ang	deu	13
swe	aze	3
fin	fra	324
ara	aze	17
niu	eng	1
fin	mol	2
tuk	est	6
ara	azr	1
tet	por	1
afr	deu	50
pro	fra	80
mya	zho	3
ara	bak	4
pan	mal	10
eng	sma	5
msa	rus	11
dan	dar	1
ceb	fil	1
kaz	rus	669
kir	dan	3
dan	lat	4
urd	lah	3
rus	mar	160
isl	kaz	1
slv	hye	1
heb	mol	21
deu	gmh	2
swe	dar	1
dan	gle	1
ita	ast	7
lat	bul	115
mdf	deu	1
tam	swe	2
peo	dan	1
tuk	hbs	3
grc	uzb	9
fin	deu	670
grc	kgh	2
hun	ara	8
eng	tlh	1
glg	eng	128
sme	hun	2
ces	aze	5
bar	deu	1
kor	hbs	9
zho	nep	1
jpn	kat	13
cym	gle	2
slv	rus	40
roh	gsw	1
nld	fri	35
sin	new	2
tel	lit	7
sux	fin	1
grc	moa	2
heb	mkw	1
fra	hun	3947
afr	dan	8
che	tur	2
ron	yid	4
jpn	pol	89
heb	jpn	101
dan	bre	2
eng	nhr	7
grc	tel	1
ara	mkd	19
epo	spa	2
san	bul	24
glg	bre	3
dar	hin	1
ara	ava	1
bzj	eng	1
ewe	fra	6
fra	bmy	1
grc	chm	5
slv	ita	171
kab	deu	1
kas	urd	2
arc	ron	1
spa	pol	1488
ces	abk	1
deu	pol	10116
som	dan	2
nld	iku	1
deu	tab	1
aze	alt	1
mol	kir	3
fur	deu	3
dak	eng	6
srd	glg	1
txg	rus	2
slk	tuk	2
por	ast	3
coq	eng	1
bul	tuk	12
lat	swe	280
myv	mdf	1
bak	vie	2
otk	deu	1
deu	krc	1
fra	isl	349
tel	tyv	1
mar	guj	27
fra	mar	9
fra	pri	2
kpy	rus	2
deu	tsn	1
hye	swe	3
yid	deu	305
est	abk	1
jpn	san	1
rom	fra	8
smj	swe	1
sux	fas	4
eng	pol	45183
ell	mkd	34
fra	nnw	8
fin	vie	4
och	zho	3
grc	olo	2
pli	por	1
osp	fra	1
dan	iku	179
ara	zho	146
ful	fra	17
xal	kir	2
ful	por	1
grc	ori	2
frm	eng	72
grc	neb	2
ell	lit	19
hbs	eus	1
pol	ara	23
evn	rus	18
mon	fra	5
swe	mol	8
deu	nyo	1
way	nld	1
heb	nor	44
fra	mnh	2
eng	hag	2
akk	deu	20
mol	swa	1
fra	moz	8
grc	gmh	3
deu	prt	1
krc	ukr	2
eng	hni	1
hin	mya	2
swe	nor	6137
grc	tam	7
deu	ori	17
lit	mar	1
hye	tgk	11
kan	eng	97
kca	est	1
heb	tur	6
rus	mlt	2
hye	slk	16
lbe	est	1
swe	ukr	25
tat	tuk	2
ita	sin	7
grc	dgi	1
swa	lit	1
heb	jvn	1
yid	isl	12
ben	kat	1
ita	lad	1
heb	lad	7
nor	pol	459
slk	ces	1106
asm	ben	9
gle	nld	5
gmh	lat	1
zho	swe	139
nya	eng	1
rus	tkr	1
heb	lin	1
hun	kir	3
glg	mkd	1
heb	ceb	1
sga	ita	1
cat	sqi	1
ron	por	14
lao	ara	1
tel	msa	1
fra	sme	2
doi	ori	1
deu	yor	2
nor	ben	5
fra	kor	1616
bel	lit	30
ita	epo	3
spa	mtp	3
slk	mol	20
fin	nld	59
eng	kqe	9
slk	spa	23
eng	glg	432
nld	urd	3
bak	kir	3
jpn	uig	5
est	nor	16
slk	uzb	2
grc	wap	3
tuk	mar	3
pro	est	1
dan	tha	3
uzb	lit	9
nld	kor	48
tuk	tel	1
por	ben	1
gul	eng	1
deu	swa	5
ron	rom	2
akk	swe	3
ita	kat	22
kan	tam	27
swe	jpn	602
ita	nld	1753
cat	hun	16
fra	urd	11
tel	ori	2
ron	bul	76
dar	kat	1
fin	hin	1
ron	ara	6
eng	vag	2
ces	nor	106
msa	hun	2
abk	kbd	2
nog	kir	1
hbs	kat	6
dts	fra	1
san	fra	269
tha	deu	16
por	lat	8
yid	fin	10
kan	pan	4
bel	lav	15
ncz	eng	1
rus	pol	3370
aka	fra	1
cot	spa	1
grc	sok	2
wmt	eng	3
slk	zho	1
gmh	swe	5
pao	eng	1
grc	plw	1
amh	deu	12
non	nld	6
rus	lbe	60
mon	jpn	19
zho	uig	841
aze	ukr	29
ita	hbs	2836
hin	tel	42
rus	abk	88
que	nld	2
tgk	uig	1
ell	bre	6
isl	ita	17
syr	rus	10
mol	lav	9
heb	cni	1
ori	ben	33
isl	zho	5
kon	nld	1
bel	eng	94
uzb	zho	1
dan	kur	16
deu	mos	1
grc	tuk	2
pro	eus	1
eng	agt	7
wlm	fra	1
por	ell	67
ces	jpn	188
pli	tha	1
arn	spa	5
jpn	slk	21
yus	eng	1
mal	urd	1
tha	dan	4
kdd	eng	1
dan	kaa	1
deu	amh	5
hau	eng	6
eng	kdh	1
enm	ces	1
ava	guj	2
eng	nep	8
grc	tpm	1
swe	tha	5
frm	ces	3
sqi	hun	8
ukr	khm	3
ara	glg	4
ell	hun	51
por	uzb	3
spa	ukr	45
nor	bul	47
yid	mon	1
fra	pbi	4
sqi	cat	9
jpn	iku	1
lmw	eng	1
swe	roh	5
xal	tat	1
grc	fra	2125
grc	any	3
jpn	tgk	1
hun	chv	1
rus	krl	2
ben	asm	62
san	guj	43
sah	ukr	2
est	mol	14
fra	hbs	4862
hbs	dar	1
grc	log	3
nld	ell	73
ara	kor	21
mzs	por	1
hun	tuk	4
mkd	chu	1
myv	fin	1
chm	fin	2
sah	bel	1
tuk	bla	1
fas	ita	53
epo	dan	1
slh	eng	1
fra	mqb	4
slv	mol	1
rus	agx	1
fra	ell	4830
sqi	mkd	51
uzb	tuk	10
gmh	hun	3
grc	isl	27
orv	xal	1
eng	ksj	1
isl	hbs	6
fra	ltz	16
hbs	uzb	1
fra	mcp	9
heb	kal	3
grc	haw	1
lam	sin	1
hbs	spa	254
rom	swe	1
sna	deu	1
wic	spa	1
syr	spa	19
fas	tel	1
non	fra	16
kir	tgk	9
deu	isl	317
grc	bcw	2
egy	deu	46
ckt	bul	1
deu	guj	14
mkd	cat	1
lao	rus	7
xuu	deu	1
spa	hch	1
rus	chm	82
sin	deu	1
eng	chv	5
kir	mol	6
sux	hbs	11
chu	nld	1
grc	kat	22
dih	spa	1
ita	pol	3175
tew	spa	1
ell	kor	11
dum	fra	14
mar	spa	5
mon	lav	2
mkd	bul	46
zho	mol	1
dan	tuk	1
grc	mal	9
enm	ell	1
zho	ara	27
kca	rus	16
amh	fin	1
grc	kfz	1
kbd	kat	2
fra	pdt	1
fra	mql	2
glg	cat	192
heb	dyo	7
urd	ell	1
est	bak	1
san	doi	1
ces	rus	895
est	chm	1
ukr	rus	1095
fra	sot	1
vie	deu	47
alt	kir	2
car	ben	1
mcu	fra	1
lav	rus	539
eng	tsg	2
bel	sin	1
deu	ang	1
por	ron	107
grc	rut	1
san	tgk	2
slv	deu	476
mla	ces	1
mar	hin	128
spa	snd	1
zho	lat	3
fra	gcr	8
fra	pan	3
rus	new	1
fin	glg	2
kat	nld	2
krl	eng	1
eng	mbs	5
jpn	mol	13
oym	fra	1
kir	kat	1
nor	ron	33
hbs	lav	12
quc	spa	1
hss	eng	1
kio	eng	2
fra	kfz	8
rom	slk	3
mar	tel	8
eng	kir	22
grc	bov	1
pri	fra	4
deu	cat	1719
por	tam	2
spa	sco	1
cat	ron	25
akk	rus	3
heb	hin	1
egy	eng	54
sux	por	1
heb	tuo	1
kin	fra	3
mya	tam	1
fra	ukr	160
pli	lit	1
gle	pol	5
pol	kaa	1
ara	hbs	245
urd	eng	310
deu	fin	3294
asm	pan	3
por	slv	49
grc	rop	3
ita	som	2
ell	sqi	112
urd	tgk	1
ben	cat	15
lav	lao	1
heb	lor	1
knj	spa	1
orv	eng	7
ell	cat	43
nld	ukr	3
orv	rus	103
rus	kom	22
slv	ell	4
fra	arg	6
jpn	eus	2
grc	pgu	1
ben	hun	4
rus	atv	1
cre	oji	16
pan	mar	9
dje	fra	6
mol	kat	5
hun	pol	346
epo	tur	1
pqm	eng	2
grc	yrb	1
ori	ron	1
gmh	por	2
tuk	eng	2
kat	isl	1
kaz	urd	3
ckt	est	1
amh	eng	7
heb	mon	2
lav	ces	29
swe	kur	103
ofs	fra	1
bel	kaa	3
heb	eng	2831
bra	hin	1
san	est	13
kir	urd	3
ben	fas	2
rus	ckt	35
ara	oss	1
wit	eng	2
peo	fra	1
tuk	swa	1
tqo	eng	1
mkd	est	1
frm	nor	1
pli	nor	7
ben	ces	12
eng	msm	8
hur	eng	3
smo	rar	15
ara	sqi	257
jpn	ita	308
bul	rom	1
yid	hye	2
uzb	crh	7
khm	lit	1
grc	mym	1
urd	mon	1
mya	eng	7
ark	eng	1
deu	ces	17462
tat	bak	14
grc	aby	1
lat	mal	1
gle	est	1
bod	hun	30
pro	ukr	1
epo	eus	2
egy	hun	2
orm	deu	1
cat	glg	215
rus	mns	1
fra	kir	8
jpn	por	98
nor	mlg	1
kib	fra	1
nld	eng	2855
pli	eng	117
bul	hbs	69
kum	est	1
hun	glg	2
bul	pol	110
syr	kat	1
mon	bel	2
afr	rus	3
fra	ybb	2
swe	smj	20
rus	mal	190
lav	hye	6
tat	hin	2
grc	chk	1
dan	urd	25
grc	aze	1
jai	spa	1
fro	nld	18
eng	lao	7
eng	ady	1
isl	dan	225
mol	ara	1
deu	mlg	6
kir	hin	5
ara	deu	1105
ara	lit	17
nor	ell	52
lav	khm	1
eng	mri	310
amh	suq	1
sah	mol	1
swa	dan	1
spa	ast	44
hag	eng	1
kan	asm	3
are	eng	2
nor	yua	1
sah	fra	2
dan	tgk	2
niu	rar	6
san	slk	7
mal	san	1
kir	fra	15
kal	dan	63
jav	msa	3
eng	wim	1
sqi	rus	50
fra	pro	10
deu	iku	5
ojp	rus	13
urd	nld	11
fil	nld	1
gle	spa	5
fas	mal	1
sah	kaz	3
cbk	fil	1
eng	mtg	1
fra	bua	1
sat	eng	2
tam	hun	1
liv	est	1
fra	guj	11
zho	bod	306
eng	por	46826
slv	lit	12
eng	dzg	5
fra	bul	2395
bre	hun	1
deu	fao	18
snd	pan	2
enf	ita	1
tha	ell	1
vec	eng	2
grc	ork	1
hun	jpn	98
eng	nor	29891
hat	fra	10
tzm	ita	1
asm	hin	19
bul	mol	21
slv	jpn	7
dan	fao	70
mon	slv	3
urd	pus	1
spa	mlg	2
swe	heb	55
bak	chv	1
lit	nld	3
bal	urd	1
ykg	rus	16
ben	hbs	27
ces	tgk	7
apw	eng	1
heb	tiw	2
lao	jpn	6
pol	ori	1
mar	urd	6
ron	ita	73
eng	ell	16599
tkw	eng	1
kir	kjh	1
spa	kor	151
sme	eng	9
akk	ara	1
bul	fra	280
grc	ful	2
ara	dan	101
bel	tgk	9
deu	arg	1
dan	kaz	8
hke	fra	1
mal	tam	71
grc	axk	3
swe	pol	981
fra	las	9
lit	hin	4
eus	dan	4
grc	kxc	4
mar	eng	126
isl	bel	1
spa	yid	1
swa	slk	2
eng	mya	225
vie	kaz	4
eng	wmt	1
deu	kal	1
got	deu	2
fra	cat	3242
grc	ita	875
dar	mol	1
lav	tat	1
niu	smo	4
bul	hye	17
bel	ces	34
sux	rus	1
jbt	eng	1
deu	lbe	1
sin	lav	1
ukr	tat	4
san	ori	75
urd	bal	1
glg	spa	787
ben	sqi	5
tcy	kan	1
mal	bul	1
eng	pan	122
bod	kor	3
xno	spa	1
dan	fas	62
eng	mkd	1517
arc	eng	166
glg	nld	1
nog	uzb	1
eng	gla	204
nld	sme	1
nor	tir	1
vie	eng	153
fra	kab	1
xal	fra	1
grc	loq	2
sqi	slk	6
heb	tik	3
por	bel	1
grc	lpa	1
pol	lit	371
heb	pol	207
heb	ell	35
sco	fin	1
grc	epo	18
por	mol	6
sme	ron	1
nor	jpn	135
nor	por	127
ben	ita	28
grc	mox	1
otk	kir	1
san	urd	13
eng	abk	5
mns	hun	3
por	xav	2
aze	lit	7
pol	jpn	145
vie	hun	9
arc	cat	1
dan	nep	1
lat	sin	1
ukr	uzb	14
eng	smd	4
frm	fra	117
hye	kaa	2
bul	spa	142
gmh	spa	19
por	lav	16
gde	fra	1
fin	ces	98
deu	bak	3
ukr	deu	183
grc	guj	1
enf	fra	1
ces	tuk	3
ava	lbe	1
fin	bul	45
jra	fra	1
fra	lad	1
crh	ron	1
heb	tgk	1
rom	slv	1
yid	kaz	1
mkd	tur	199
fas	fin	26
gsw	fra	5
eng	bak	4
kat	ben	1
ron	bel	1
zho	cos	1
jpn	mya	1
iku	hbs	2
osp	slv	1
lit	kor	1
pli	slv	2
one	eng	2
bul	tur	42
pan	eng	124
afr	swe	16
heb	bul	13
est	zho	1
ell	hbs	206
hye	est	10
chl	spa	1
slv	nld	11
eng	bla	3
gla	spa	4
arw	nld	1
chr	fra	1
eng	nya	15
slk	kir	1
fra	mlg	51
piu	eng	1
pal	hbs	1
lat	tam	1
eng	nhu	6
kom	est	17
yid	slv	1
lus	mya	1
tel	san	3
meq	fra	1
grc	ded	1
eng	chr	1
tgk	hin	7
nor	rus	233
bak	tyv	1
rus	guj	118
swa	mol	1
dlg	ukr	1
bug	fra	1
eng	lin	10
san	mal	102
hin	aze	1
kaz	slk	3
heb	que	1
deu	som	7
gld	eng	2
rus	jpn	1981
grc	mkw	1
fil	jpn	8
cat	epo	3
grc	ibg	1
spa	rmr	3
est	fas	1
oji	cre	1
srd	deu	1
kat	ces	24
tat	tur	1
urd	msa	12
lav	ron	10
fra	fon	7
eng	kbd	1
bod	hbs	9
ukr	ron	41
thd	eng	1
vie	hye	1
fin	chm	1
mhg	ibd	1
mkd	rom	12
hbs	swe	112
fin	ara	3
glg	arg	2
som	deu	1
akk	fra	20
por	msa	2
hin	eus	1
arc	pol	3
abk	hin	1
nor	mkd	14
deu	ron	1564
grc	tiy	1
zho	hbs	92
fra	bam	9
tur	fin	22
lit	ara	10
krl	ukr	1
jpn	mkd	15
eng	att	1
pol	lav	63
ota	tur	2
grc	wib	6
zap	spa	2
lav	spa	6
eng	ton	40
ces	mol	17
crh	uzb	6
eng	tri	1
heb	kan	1
tur	rus	160
dan	pol	303
oge	rus	7
deu	hau	4
acf	fra	2
lit	est	46
kat	spa	6
hin	lav	1
vie	uzb	2
kat	uzb	8
glg	pol	2
tha	hin	1
eng	scn	2
dyo	fra	1
eng	pus	1
pol	isl	8
eng	est	11751
ara	fil	2
fao	nor	17
nor	hun	150
eng	chp	108
zho	tiz	143
kir	kan	3
grc	gcf	2
amh	spa	4
slv	tuk	1
tat	ron	1
hbs	msa	2
swe	slv	139
deu	tur	1120
ben	mal	92
heb	spa	719
san	slv	5
kat	dar	1
che	kaz	4
fra	tmh	1
eus	ell	3
fra	sxw	1
lat	msa	4
zho	sjo	1
fil	sjm	1
fra	zna	3
deu	lub	1
mri	eng	50
tel	guj	1
est	bel	11
que	fra	7
uga	swe	1
slv	tgk	1
hin	fin	5
ara	mar	2
tur	ben	1
zho	ces	111
chy	spa	1
slk	ast	1
ben	est	6
dan	eus	17
bul	kat	18
hin	slk	1
gmh	pol	4
deu	zho	3952
wlm	deu	1
ell	ron	174
yid	kor	2
gld	pol	1
ron	spa	206
aze	kum	1
kbd	uzb	1
bak	kaa	1
grc	gba	7
hin	mai	2
arc	nor	1
hye	abk	1
tam	pol	1
tuk	aze	13
tur	ita	37
ukr	zho	3
krc	est	2
por	fas	43
hbs	lat	4
slk	rus	276
grc	eus	33
heb	dsh	2
bre	fra	149
nld	pan	2
ces	slv	133
smo	fao	1
heb	nfr	1
heb	afr	6
grc	mol	46
lit	nep	1
nld	cym	1
vie	zho	6
fas	rus	211
kok	eng	1
urd	deu	21
sqi	eus	2
est	uzb	5
tel	urd	3
ats	spa	1
grc	djk	2
arp	spa	1
ron	kat	6
rus	wbl	1
syr	ron	5
por	tir	1
hun	deu	2793
pol	sme	1
mol	mkd	2
lat	mar	1
ncu	eng	2
fas	nor	18
sin	tam	8
eng	kor	17110
ita	msa	13
pol	kor	24
grc	pdt	3
lat	vie	1
grc	slv	112
ita	kir	3
pan	tel	2
lav	deu	112
grc	oci	3
vie	ukr	9
heb	mif	3
rus	sna	3
yid	sqi	4
ara	hye	5
tbz	fra	1
hbs	bre	1
zho	urd	5
rus	kan	152
grc	kqy	4
hye	urd	3
mar	mal	12
nld	jpn	428
grc	spa	2502
grc	bst	1
afr	ara	1
lbe	eng	1
cre	spa	1
spa	bre	8
enm	swe	4
ara	dyu	1
san	spa	159
abk	lav	1
dar	bel	1
deu	kin	4
ava	aze	1
oji	eng	9
syr	fra	47
spa	shp	1
swe	arc	1
mkd	eng	242
kan	ori	2
lat	epo	3
fas	nld	61
uzb	spa	2
swa	nld	1
deu	gcf	1
xsm	fra	1
fra	nya	2
urd	mol	1
uzb	tat	2
krl	aze	1
heb	tbl	1
grc	krc	2
nld	zho	97
heb	kek	2
rus	epo	37
vie	pol	6
mon	mkd	1
eng	syr	2
bre	rus	3
kaz	est	14
ben	ell	2
kas	pan	2
oci	deu	7
tmh	ara	1
gmh	dan	4
eng	mnf	16
pus	urd	4
fra	eng	28314
kaz	lit	5
ava	pol	1
pol	por	65
kaz	tuk	8
rom	pol	1
ava	urd	1
fra	dan	3583
grc	asm	2
jpn	nor	260
ang	kat	1
san	hbs	53
grc	rwo	1
ara	sun	1
bra	fra	1
grc	atd	2
kir	kas	1
tuk	kan	1
hin	kaz	1
egy	fin	3
gle	slk	1
eng	bav	2
tuk	vie	2
ukr	ita	4
lat	rom	1
grc	maw	5
heb	cko	1
san	eus	2
tgk	nog	1
man	fra	7
tam	rus	7
ang	nld	1
tkl	ton	10
spa	zho	413
cym	spa	2
kbp	fra	1
fra	man	2
fra	abk	1
fri	nld	102
ben	zho	59
deu	rom	1
mar	nld	1
ukr	fin	9
deu	ast	3
swe	sin	4
mol	jpn	2
fra	gud	2
abk	eng	2
ita	ukr	38
tat	mon	1
egy	ces	10
spa	prq	2
bod	deu	250
ori	eng	69
akk	jpn	1
fra	mcu	8
gmh	glg	1
ava	ben	1
rus	vie	538
deu	hat	1
epo	ces	5
yid	tur	1
enf	swe	1
pus	nor	1
fra	swg	2
ron	tuk	1
fin	zho	39
grc	mlt	2
cat	eus	313
nld	lim	1
bul	hun	96
deu	aym	2
por	fra	1579
fas	tur	173
slk	mkd	23
eng	asm	187
san	lav	5
chc	eng	1
lit	kan	1
tur	fra	227
fra	ron	4240
grc	mnf	2
fra	gnd	2
non	est	1
gle	gla	4
est	lao	1
kaz	pus	2
epo	slv	1
ara	urd	237
ori	guj	4
kat	lbe	1
fro	lit	6
eng	kne	11
cym	est	1
heb	arc	1
mdf	ukr	2
eng	niu	21
ces	fra	883
bre	nld	3
kat	fin	6
fra	cme	16
heb	cym	4
san	asm	38
swe	hye	5
uzb	tgk	19
spa	uig	4
tuk	uzb	7
ara	snd	7
hbs	hun	779
fra	dos	11
grc	tir	1
por	deu	1318
abk	fin	1
abk	bul	1
tah	fra	9
mal	ori	5
grc	oss	1
deu	kan	16
fin	hun	167
bod	cat	4
iku	isl	2
zul	deu	6
bak	mkd	1
egy	cat	1
tcb	eng	1
cop	ces	6
tsc	por	1
eng	grc	1
rus	nep	91
ben	ron	6
eng	mbt	2
gmh	fin	2
tur	mol	2
heb	xnn	1
alt	ukr	3
mon	kaz	7
ukr	kan	1
dan	eve	1
eng	ify	1
eng	fas	7987
urd	kok	1
jpn	eng	3476
tir	som	1
nav	eng	8
sux	aze	1
gle	sqi	1
sux	isl	1
mar	sin	1
pag	eng	1
fra	aji	1
sux	pol	2
fin	tur	6
san	pol	27
non	kat	1
kfy	eng	1
bak	tgk	1
pol	zho	76
gla	swe	2
san	tel	85
bul	heb	1
grc	bul	139
bod	fas	1
gcf	eng	14
rus	deu	10794
fro	ara	1
chv	sah	2
gla	deu	13
grc	kmh	1
tur	aze	24
oss	tgk	1
tha	pol	1
kpy	eng	1
grc	moz	1
tha	heb	1
swa	zho	1
fri	sco	1
slv	hbs	706
heb	bss	1
myv	eng	2
bho	rcf	1
eng	smj	5
zho	kac	64
syr	fin	10
kir	dng	2
zul	jpn	2
fas	kan	1
ron	slk	41
tuk	hin	3
aze	tgk	7
slv	bel	7
eng	lat	56
chy	eng	3
bul	kir	6
non	bul	1
arg	cat	2
mol	ell	1
spa	sin	4
ukr	swe	5
enm	slk	1
orv	aze	1
kor	nld	10
nor	ara	28
hin	jpn	32
mar	tam	13
gmh	hbs	5
grc	fil	3
mri	epo	1
kat	bel	9
heb	xsm	4
dak	deu	8
cat	slk	4
dan	rus	530
heb	bkm	1
swe	msa	9
grc	kst	1
est	lit	66
fra	sms	1
mal	jpn	8
msa	ita	2
urd	ita	2
bul	kor	3
xho	eng	2
eng	ntj	3
pli	spa	13
kaz	sah	5
bod	rus	41
ita	aze	6
fra	ddn	1
ben	uzb	6
gld	pan	1
isl	lav	2
kok	hin	1
jpn	ukr	13
spa	pib	1
mau	deu	2
lua	fra	1
grc	bkm	10
eng	dgr	4
way	zho	1
aze	urd	2
ota	deu	1
asm	mar	2
guj	nld	1
fra	mde	6
eng	kat	166
egy	slk	2
fra	kri	1
ava	deu	1
hin	bra	2
lit	jpn	6
swe	eus	29
spa	its	1
ell	jpn	28
cat	nor	8
por	spa	2686
spa	tam	4
jpn	nep	20
rus	tur	677
mkd	rus	26
grc	tat	1
ukr	epo	1
eng	ven	4
kaz	eng	8
grc	wln	4
spa	inh	1
kir	kum	1
grc	frm	1
eng	tir	30
lat	ron	162
spa	gsw	1
jpn	ben	9
irk	rus	1
gle	ita	5
tat	ara	2
pus	ukr	2
rus	inh	51
zho	tha	4
cro	spa	1
ara	uzb	34
pdt	deu	3
ess	eng	1
spa	wol	2
mol	ces	6
isl	est	17
fas	pol	25
pdc	eng	2
eng	yor	10
hns	nld	22
eng	ilo	1
hye	hbs	9
fra	mol	281
rus	kur	8
fas	snd	1
nld	bod	1
smj	est	1
fil	fin	1
pol	bel	130
bod	por	6
nor	aze	3
pol	lat	4
yid	pol	119
eus	lat	1
ara	ita	168
grc	kbd	2
hit	eng	6
yid	heb	110
ara	kir	4
kor	fas	3
inh	rus	45
ukr	tam	4
mlg	rus	2
afr	nor	11
bak	uzb	2
isl	iku	3
pol	eus	1
mya	jpn	27
mon	slk	3
hin	ben	75
bre	gle	2
grc	tzm	1
krl	rus	17
ara	fin	57
ibo	eng	5
pus	lav	1
nld	tha	4
hbs	glg	2
fas	sco	4
uzb	kaz	18
rus	yid	6
nor	cat	55
tha	nld	1
nld	pol	285
jpn	isl	7
grc	roh	2
akk	nor	2
tur	hun	48
hye	bre	1
fas	ara	168
dan	sme	4
uzb	bak	1
fra	lav	417
heb	glg	3
tuk	hye	1
gle	jpn	1
ell	swe	66
grc	nnh	3
spa	heb	182
grc	rup	1
fra	pol	6440
grc	nor	80
ukr	mol	99
eng	mmy	1
gld	por	1
gml	deu	1
tlh	eng	2
rus	fas	741
heb	gng	1
fro	ita	33
som	swe	3
osp	ces	1
ita	mar	2
ceb	eng	2
sco	ces	3
naz	spa	1
kjq	spa	1
ces	heb	40
akk	fas	5
sot	fra	3
bev	fra	1
por	kat	3
fro	bul	9
sme	tam	1
fra	kyq	3
fas	kor	4
pap	nld	5
nld	ces	389
slv	por	2
nor	fin	799
ukr	sqi	2
por	tha	3
orv	bel	3
abk	kaz	1
zho	deu	1159
yid	fra	146
eng	pjt	6
rus	roh	1
hbs	tur	66
eng	oji	7
nld	ara	23
tat	slk	2
hop	spa	1
heb	sid	1
grc	gad	1
hun	eng	3182
jpn	aze	2
dan	tzb	2
swe	iku	18
grc	tha	2
urd	jpn	17
hat	eng	11
grc	vag	1
pol	glg	1
pan	msa	2
heb	acd	1
egy	ara	6
fra	arc	1
eng	sme	11
afr	slv	1
kur	fas	8
mar	ara	1
eng	urd	328
heb	suq	1
deu	lit	2140
eng	wti	2
djk	eng	1
rif	nld	1
sah	tgk	1
kam	eng	3
spa	msa	16
por	bul	114
spa	cak	1
tha	fin	1
afr	mal	1
spa	kan	2
chv	est	1
kik	swe	1
spa	lit	234
chp	cre	7
bak	slk	4
tuk	swe	3
ita	uzb	7
fra	ife	11
ben	dan	1
heb	cos	1
ukr	hin	3
ady	kbd	1
fra	jpn	9893
nem	fra	4
cop	spa	6
guj	ori	9
mal	spa	1
fin	tgk	1
heb	bre	5
eng	efi	1
bra	deu	3
rus	msa	24
cop	rus	1
rus	sqi	329
ben	ara	4
ave	spa	2
lit	slk	26
heb	lns	4
prg	deu	1
gld	lao	1
spa	ori	2
tam	ara	1
eng	sgb	2
lez	ava	1
heb	ita	257
mol	spa	21
vie	por	2
cat	oci	5
vie	jpn	40
dan	kal	232
yor	fra	3
enm	mal	1
eng	ssw	16
tel	ces	1
grc	mdf	1
uig	uzb	6
hye	fas	6
swg	tur	1
mns	fra	1
msa	dan	1
swe	smn	5
cat	jpn	29
dan	hbs	226
cop	nld	11
heb	cat	48
san	kor	3
ben	fra	115
bod	eng	426
ces	gle	2
bod	dan	28
grc	aso	1
jpn	new	14
spa	cul	1
epo	bul	1
san	bod	14
zho	pol	66
ukr	oss	2
grc	yle	1
deu	por	4497
est	mar	2
fas	dar	1
xal	mol	1
zho	heb	13
mlg	spa	1
lat	slk	186
pol	est	108
uzb	kaa	53
moe	fas	1
rus	krc	89
hbs	ava	1
grc	cor	2
nld	dan	810
yrk	lav	1
kho	eng	1
grc	opm	1
tha	ita	1
fao	nld	1
mal	asm	2
swa	bul	1
tuk	deu	13
mnc	eng	2
tam	urd	2
mkd	ron	24
fra	mal	34
isl	hye	2
fra	abi	2
zho	ukr	11
tur	ces	6
ork	fra	1
kir	ori	3
ces	mon	2
kca	fra	1
sux	nld	5
kat	eng	55
zho	mnc	1
arn	cat	1
lit	dan	7
snl	eng	1
nrn	eng	2
grc	lmp	3
nld	est	78
fra	bum	2
ori	deu	4
tat	mol	4
kaz	mol	9
mon	tgk	4
bel	fas	2
sqi	heb	4
iku	dan	35
nld	mal	2
ssw	eng	2
fra	deu	32328
kat	mon	1
nld	som	2
kat	rus	666
amh	fra	7
kwk	eng	2
aym	eng	2
ben	ori	195
fra	swe	3502
slk	fas	1
eus	cat	117
uig	zho	15
roh	ron	3
mon	hun	13
ell	heb	10
guj	pol	1
sah	eng	1
nld	deu	6238
heb	fil	2
dak	fra	1
san	lat	2
lat	kan	1
bod	ron	8
nci	eng	28
slk	tgk	2
eng	fon	1
orv	hbs	3
eng	bcj	1
frm	swe	3
kor	ara	3
osp	nor	1
grc	apn	1
egy	nor	1
pli	fin	4
lit	urd	1
aht	eng	1
pli	hbs	5
nor	iku	4
zho	wbm	27
fao	kal	1
heb	dbq	2
ita	sco	1
heb	ara	43
sel	rus	1
hin	spa	33
grc	djr	1
lad	hbs	2
ell	por	21
iba	eng	1
aze	tur	23
pan	guj	3
nld	hin	4
guj	ben	5
fas	bak	1
nap	ita	1
ara	hin	10
tgk	eng	4
mol	pol	1
eng	mym	7
grc	rus	585
mol	fin	2
rus	bel	1213
zho	lin	1
kir	pan	2
tet	eng	2
fas	swe	87
tgk	kat	3
tuk	bel	9
eng	bvr	1
hbs	fra	978
fas	kat	15
ita	sqi	528
aze	hun	6
syr	cat	4
fas	deu	331
mar	rus	2
ntj	eng	3
bel	oss	4
sqi	ara	6
orv	tuk	2
epo	est	3
slv	ces	95
tam	guj	12
spa	arn	1
csb	bel	1
smj	nor	4
lat	ang	4
wya	eng	4
ron	epo	3
eng	slk	6586
mkd	uzb	2
tha	kor	1
grc	uvl	1
lao	spa	3
eng	mic	1
vep	fin	1
spa	grn	1
lhu	jpn	2
snd	urd	5
urd	asm	6
afr	ndo	1
san	jpn	59
mal	dan	1
gcr	fra	16
deu	ara	543
hbs	hye	5
nor	asm	1
deu	ltz	2
fra	fas	700
eng	cor	5
arc	swe	6
cop	nor	2
heb	sig	1
pli	nld	17
fra	zho	3986
hin	mol	2
rus	swe	946
heb	sor	1
fil	ukr	1
swe	lav	155
tur	tuk	3
mal	eng	104
tgk	deu	4
kln	eng	1
cop	ara	1
ang	hbs	2
ben	rus	24
jpn	dan	560
tur	tat	3
hbs	kaz	4
kea	fra	3
ben	afr	1
grc	slk	87
cym	slk	2
slk	ita	15
alt	eng	1
ava	hye	1
jpn	fas	31
gcc	eng	1
grc	pad	1
dan	bel	1
swe	rus	586
mol	mon	1
grc	bhy	3
deu	pdt	1
eng	lav	3861
osp	bul	1
cop	hun	3
grc	ast	3
cat	hbs	9
san	rus	139
dum	ita	3
fro	ces	4
ava	kum	3
mri	smo	8
grc	fin	273
tur	swe	64
kir	hbs	2
ngk	eng	1
swe	tur	65
jai	eng	2
fra	tet	1
gmh	ita	10
deu	tir	2
hun	sqi	17
grc	ivb	1
msa	swe	2
fra	bdm	3
slv	sqi	17
zho	iii	18
grc	zir	1
eng	hye	114
fra	rus	7913
fin	sme	22
rom	mol	1
pus	dan	1
tgk	ara	8
tha	por	3
heb	rug	6
oci	ces	1
ara	hau	1
eus	fin	6
zho	eus	3
nog	rus	18
tmh	fra	21
san	msa	7
sah	kaa	1
non	ron	2
heb	vag	2
tur	slv	13
asm	guj	1
nld	mkd	8
fra	dzg	10
tur	lav	3
bre	eng	14
ckt	eve	1
grc	uma	1
rus	cym	1
kan	deu	1
epo	fra	5
hin	ara	5
grc	cme	4
snd	swe	1
tzm	eng	1
lat	tur	22
mon	tyv	2
akk	dan	4
swe	fra	1336
lns	eng	5
ava	eng	1
kor	nor	5
tat	fra	1
ces	lit	91
grc	chv	2
deu	hye	57
heb	kmb	1
fin	cat	9
ben	msa	6
rus	zho	2665
slv	swe	10
kat	bul	15
unp	eng	3
eng	tuk	17
grc	ati	1
slk	fin	15
vie	ron	6
fra	sag	1
msa	eng	192
san	fas	10
jpn	bel	2
grc	cos	2
grc	mar	2
cop	pol	5
osp	ron	1
kal	deu	1
swe	gle	7
ita	yid	1
heb	dyu	1
ukr	orv	1
ben	pol	9
grc	bfd	2
rus	kir	1264
oji	slv	1
ane	fra	2
rom	ron	5
kor	hun	10
hin	pan	32
kbd	bel	1
ben	deu	63
vie	tuk	2
bod	bul	15
tuk	rus	259
fra	por	11415
est	ara	6
grc	sqi	83
rom	hbs	20
onw	eng	1
grc	tur	109
por	zho	66
ara	swe	126
est	eng	1706
heb	kab	1
dan	jpn	269
grc	kor	51
fra	oss	2
gle	eng	96
cop	est	3
eus	ita	5
nor	urd	4
sux	sqi	4
eip	deu	1
lit	tgk	5
kat	slk	27
ara	bul	70
kum	kir	1
lat	grc	6
kaz	uig	31
sac	hbs	1
deu	lad	1
pol	sqi	24
fra	rom	3
spa	fao	2
hin	raj	1
jao	eng	1
cat	mkd	9
pli	mal	2
dan	ori	3
por	est	22
uzb	tam	1
pol	epo	16
grc	kdh	3
gmh	lit	3
ita	goh	1
eng	gwi	1
dan	kor	30
rus	dng	6
cak	eng	2
heb	dyi	3
srn	nld	34
tha	cat	1
fro	ell	1
chr	eng	2
gez	fra	7
chv	eng	2
fra	lat	45
eng	dar	1
fas	por	17
ces	hbs	231
gld	hun	1
lle	eng	1
bod	pol	20
eng	sid	2
fra	tik	7
bho	fra	1
lat	fra	2792
mal	new	2
ukr	mon	3
heb	djk	6
chu	ukr	2
spa	tur	262
eng	sot	8
ell	kat	1
fro	est	2
lit	mal	1
ita	tha	3
dan	ita	176
hin	hbs	18
mar	jpn	5
mkd	hye	1
zho	sqi	8
grc	dsh	1
fin	ell	17
bul	hin	3
mns	lav	1
yid	bel	8
bul	ava	2
hun	heb	40
san	sin	17
lao	hun	1
por	swe	198
rus	ron	918
rom	deu	5
grc	mfi	1
arc	spa	43
hbs	tgk	3
ara	syr	1
slv	fra	95
fro	eng	155
eng	nza	1
nss	eng	1
ron	glg	1
kor	mon	5
lms	fra	3
tel	kan	26
eng	zul	23
tur	slk	12
mal	ben	5
aze	nld	1
fra	ara	2073
xal	aze	1
deu	eve	1
myv	rus	58
ita	roh	10
eng	gag	1
ast	rus	1
fra	kkj	12
syr	grc	2
hin	oss	2
lav	fra	18
syr	pol	3
tbt	fra	12
gcr	eng	1
bua	rus	111
swe	hbs	220
kan	new	2
kur	dan	3
kir	ukr	20
jpn	glg	5
ron	slv	10
tgk	urd	3
sot	ita	1
hin	rus	58
akk	sqi	2
grc	sor	4
grc	kqe	1
tur	por	6
lug	eng	4
akk	nld	4
akk	cat	1
san	mon	6
ukr	chv	5
kor	ces	19
sah	rus	136
smo	kal	1
oss	tam	1
yid	mkd	2
oss	abk	1
dan	ckt	1
mkd	slv	26
ben	nld	10
bod	fra	286
bod	jpn	39
cat	deu	338
grc	ixj	1
tat	tgk	2
grc	bvr	2
san	nld	56
kir	pol	14
jrb	lad	1
dan	fra	1023
jpn	kal	1
eng	rus	41147
eng	acf	1
kir	lav	6
kat	oss	13
cor	gle	1
kaz	pol	4
ita	oci	6
goh	deu	15
fas	isl	3
fra	hye	77
deu	pus	7
tyv	rus	46
mkd	swe	7
eng	kua	1
nld	sna	1
fin	lat	5
enm	fra	13
tur	nld	121
dum	spa	5
sco	deu	9
abk	pol	1
cuv	fra	1
est	rus	2306
isl	hun	11
heb	neb	2
gag	rus	11
pal	fra	3
grc	xsm	10
eng	kas	1
kor	zho	1394
dan	bod	1
deu	urd	11
heb	eus	5
grc	ybb	2
grc	chu	3
nap	fra	3
san	mai	3
hye	ces	12
kan	ben	7
rus	uzb	2217
swe	hun	327
ces	glg	2
fra	sok	6
pol	fra	1159
msa	ces	2
khm	fra	20
gag	mol	5
pan	rus	1
ukr	urd	2
swa	fra	12
gmh	bul	2
slv	spa	34
fas	hun	11
tel	tam	65
fra	alq	4
grc	cop	2
pli	sin	4
bel	nor	1
oci	lnc	1
hye	fra	78
grc	uli	1
mcm	eng	1
kat	eus	3
kor	rus	49
dar	fas	1
zho	hin	8
asm	kan	3
hbs	bel	8
egy	ron	1
est	chv	1
pro	dan	1
slv	mkd	59
mon	bod	2
glh	deu	1
tat	kaz	14
sga	nor	1
lut	eng	1
krc	nor	1
eng	fro	1
eng	mta	15
tue	spa	1
rus	ady	46
kaz	mon	2
sqi	tur	28
slk	ukr	85
tzm	ara	1
eng	her	2
zho	mal	2
ava	dar	1
eng	toi	2
evn	ukr	1
grc	bnc	2
cre	chp	14
heb	ife	12
nor	slk	34
che	deu	1
isl	epo	1
fra	tha	28
heb	kog	1
tur	cat	8
eng	ceb	7
raj	hin	17
heb	fin	191
rom	mkd	2
aze	rus	435
lbe	mol	1
bwi	por	1
peo	cat	2
hun	hin	2
hin	zho	10
heb	oss	1
rus	chv	143
hbs	deu	1374
spa	bak	1
grc	lik	1
eng	cho	3
cat	rus	25
kaz	hye	6
grc	wal	1
ara	nld	299
zho	tur	17
dan	est	163
sjt	rus	2
eng	tel	179
lbe	tuk	1
ron	heb	25
pli	tam	4
ara	guj	5
mos	fra	4
pol	kaz	8
yid	nor	11
tem	deu	1
grc	ntr	6
cop	hbs	4
crh	rus	18
xal	ukr	1
kur	fra	21
eng	ivb	1
san	eng	1189
rus	evn	8
ces	vie	4
gld	tel	1
ron	gag	3
swe	ori	3
kor	ukr	5
bak	lit	2
dan	vie	14
cat	urd	2
mar	pan	1
eng	fin	28195
sme	swe	9
rus	ben	419
por	rus	203
peo	hun	3
pag	fil	1
ava	ces	1
deu	ita	7795
por	tuk	1
lat	ukr	21
heb	blw	1
rus	bul	3917
hau	pol	2
hin	mal	53
bel	kaz	11
tau	eng	1
egy	ita	3
mal	rus	3
heb	thd	1
fra	gng	14
guj	swe	1
deu	bre	9
deu	bod	4
roh	eng	2
lat	mlt	19
mni	ben	1
ces	slk	3771
ang	est	1
orv	kat	1
goh	jpn	1
vie	tgk	5
aze	fas	30
dan	yiz	1
mif	fra	1
ady	rus	71
grc	amm	1
non	swe	48
dag	eng	1
enm	hun	2
ita	tam	6
pal	fas	5
hun	uig	1
grc	mfh	1
deu	afr	9
com	eng	1
cre	eng	68
isl	rus	15
nld	spa	990
msa	cat	2
bod	zho	82
hin	mon	5
grc	thd	10
fao	dan	42
pol	fas	14
heb	maw	2
roh	est	1
dng	uzb	1
ang	spa	5
uig	eng	3
orv	mol	1
nci	ces	3
kat	kbd	2
grn	deu	3
fro	dan	2
heb	box	5
grc	nnw	4
bel	tel	1
car	fra	2
eng	gad	1
krc	tgk	1
grc	jmd	1
bel	hye	9
man	nld	2
hun	fin	102
deu	dar	1
ukr	gle	1
fra	byv	2
slv	est	2
dan	ben	3
nav	fra	1
tel	jpn	2
grc	fas	25
nus	eng	1
rus	tab	56
grc	gup	1
spa	slv	323
rus	kas	6
fra	vut	2
bul	ita	26
tgk	rus	281
san	aze	4
ukr	swa	1
zho	ben	12
ara	kan	1
kur	swe	19
zho	cat	26
deu	tyv	1
krc	kat	2
enf	fin	1
pol	tyv	1
msa	nor	4
kur	nld	4
mal	por	1
hin	mfe	1
ukr	mal	1
dan	msa	3
mon	alt	1
fin	nor	178
zho	asm	2
kjh	rus	26
non	slk	1
vls	slv	1
hye	oss	1
kir	uig	2
deu	yid	6
deu	sco	2
lit	slv	4
ben	spa	108
deu	jbj	1
deu	asm	17
san	zho	35
krc	tuk	1
deu	frr	1
yid	ell	1
deu	msa	137
fas	tgk	8
cop	swe	2
swe	spa	865
wln	fra	5
kaa	kaz	5
chz	eng	1
kat	tgk	8
mez	eng	1
ang	kan	1
sqi	ces	1
swe	sms	1
lat	est	36
deu	jpn	8817
ukr	pan	1
grc	ext	1
ang	fra	9
uzb	ell	1
ces	kir	5
est	jpn	15
rup	sqi	1
tam	fas	1
syr	hun	5
hye	aze	26
hun	ita	185
grc	car	2
kbd	kir	2
ita	cat	974
slv	fas	1
jpn	est	25
shh	eng	1
cat	zho	6
grc	fri	1
osx	deu	3
man	zho	1
mon	ukr	3
eus	ron	1
ron	sqi	27
ara	ell	50
chv	ukr	5
est	dan	7
ell	dan	29
hbs	slv	664
abk	tgk	1
glg	swe	1
swe	glg	17
kat	lit	12
fas	ces	11
bel	mkd	1
san	ces	43
deu	kum	1
tat	hye	1
orv	hye	1
cat	cym	4
lav	est	88
pro	swe	1
frm	glg	1
sru	eng	1
deu	roh	223
tuk	kir	8
mol	est	12
pol	ron	152
fas	asm	2
pan	kan	4
gag	eng	1
urd	aze	1
fra	gcf	19
hun	nor	41
orv	slk	1
gla	glg	1
swe	ben	8
mns	ukr	1
kjh	ukr	1
toh	deu	1
chm	deu	1
frr	eng	1
ava	kir	2
enf	spa	1
mdf	fin	1
ron	lit	8
chg	fra	2
gmh	mkd	1
lit	kaa	3
msa	bul	2
fas	slv	7
sog	fra	1
ang	fin	3
fas	lav	4
tat	bul	1
och	rus	6
nor	smj	9
pli	mar	5
enm	rus	5
frm	spa	14
mol	slk	10
gld	hin	1
rus	khm	204
akk	eng	31
hye	ara	13
bul	tam	2
gmh	nor	2
snd	ara	1
est	sin	1
swe	isl	582
eng	cre	48
eng	bkm	8
pro	eng	19
roh	pol	1
ell	spa	259
nep	hin	6
vls	eng	2
san	ben	170
bam	nld	1
mon	bul	14
spa	fro	1
enf	deu	1
ton	deu	2
pus	eng	7
fro	kor	2
eng	tso	8
eng	tah	3
psh	deu	1
afr	lit	1
hbs	kum	1
pdt	eng	2
uig	bod	1
hun	ukr	55
nep	fra	7
ita	tir	13
hye	kat	24
ben	tha	2
ell	tur	76
frp	fra	1
isl	kal	5
urd	pan	5
heb	moz	2
hin	pol	6
pia	eng	1
ori	ara	1
hye	eng	173
lit	heb	2
ara	mlt	2
eng	ckt	1
eus	spa	620
deu	hun	10207
eng	ipk	1
grc	iws	1
kaa	aze	1
yor	deu	2
nav	ita	1
grc	gng	2
yuk	eng	1
kca	eng	2
snk	fra	4
guj	mal	4
ara	mya	1
deu	ibo	1
mya	fra	5
arc	por	1
fas	krc	3
yid	ben	2
eng	hat	1
est	fin	394
arc	est	1
atj	cre	2
osp	eng	6
ara	pol	84
grc	ayt	2
mnw	mya	1
eng	tha	1080
mol	tgk	8
uzb	mol	8
kat	msa	1
otk	kaz	2
spa	sqi	139
nor	guj	1
eng	hun	27988
ang	jpn	3
arc	slv	1
kor	mol	1
kaz	ara	11
eng	amh	29
est	khm	1
lav	gle	1
fin	rom	1
sqi	swe	21
aze	uzb	17
aze	bel	7
eng	smo	90
dan	kat	5
cym	rus	1
tgk	lit	6
tam	asm	3
grc	suq	2
pus	deu	1
gez	nor	1
sux	hun	6
gmh	cat	1
ara	hoz	1
deu	kea	1
fas	bul	38
fin	mkd	1
hin	bul	19
mon	kir	3
dar	kir	1
isl	ron	2
sqi	nor	9
rus	kat	1316
lit	ori	2
spa	tat	1
kur	eng	9
grc	ifa	1
grc	ker	6
mkd	sqi	608
isl	sme	2
oji	nor	1
rup	ron	1
hun	fra	790
cjk	fra	1
jpn	swe	583
arc	rus	1
fra	bib	8
slk	por	3
yua	deu	1
hin	new	1
zul	eng	11
kaz	zho	12
fra	gsc	5
urd	snd	1
dan	hin	3
spa	tir	1
ava	vie	1
heb	isl	13
hbs	mol	4
djk	fra	1
del	eng	4
enm	jpn	3
cat	slv	23
oss	lav	1
hun	kat	25
ara	eng	1621
deu	frs	1
kal	eng	11
her	deu	1
slv	kat	3
fin	lav	54
abk	deu	1
snd	eng	14
eng	deu	183329
xal	est	2
car	nld	8
lav	tel	1
grc	kne	11
rus	fra	6093
nor	sqi	43
eus	deu	17
ukr	tel	4
ckt	ces	1
orv	ces	1
spa	dnk	1
swe	fin	5594
chm	hun	2
abq	eng	1
hun	ron	205
kaz	deu	34
nor	epo	4
ces	fin	103
fra	sco	3
fra	bbj	3
eng	hau	17
isl	eng	198
kbc	eng	1
ava	zho	1
isl	slk	4
kaz	ces	1
tel	dan	1
kor	pol	14
eng	tiy	1
heb	hye	1
est	kaa	2
dan	oss	2
est	tat	3
est	slv	1
kat	kaa	1
kok	mar	1
ces	ita	188
kir	por	1
hye	hin	4
fra	yor	5
kan	tel	26
kir	nep	2
uzb	pan	2
hun	aze	12
eng	sna	12
che	nor	2
cat	ukr	1
bel	vie	2
san	swe	9
fin	krl	1
deu	vie	28
fra	tir	5
ces	uzb	9
bul	kaa	1
eng	cat	6370
vie	lav	4
fas	est	6
grc	kbc	1
guj	pan	1
sux	fra	9
syr	deu	27
fra	bcw	4
fra	swa	7
frm	enm	2
bak	aze	3
heb	syb	1
ces	kat	13
mai	san	1
kom	ukr	4
fin	uzb	3
mon	lit	6
hin	awa	1
gle	dan	5
lit	hun	20
mlt	deu	1
chm	kaz	1
rus	vep	1
rus	spa	5830
bod	mon	7
fra	roh	23
kat	aze	40
srd	ita	2
tur	cos	1
nor	sme	66
pli	fas	4
iku	hun	1
eng	afr	740
ckt	rus	19
spa	ces	850
dua	nld	1
tem	eng	1
pli	dan	5
grc	kom	3
hbs	tuk	4
grc	syr	1
pol	kat	37
grc	arg	1
oci	fra	420
enm	ron	3
ron	fra	939
ben	kaz	4
kor	bul	18
vie	tur	6
hbs	rus	426
ady	ara	1
tkl	niu	11
ces	isl	27
cat	lat	2
ast	cat	4
eng	krc	2
grc	agq	3
rus	ukr	2127
oss	fra	2
mkd	tgk	1
eng	tsn	16
lat	sqi	38
grc	dbq	7
eng	sco	11
swe	kaz	3
grc	bak	2
eng	fil	115
hun	uzb	4
gia	eng	1
urd	dan	8
aka	eng	1
arc	nld	11
grc	nou	1
mol	hbs	1
dan	lit	163
fra	kzr	12
cos	ita	1
fra	sld	9
sme	deu	8
mol	gag	5
lit	hbs	11
gmh	rus	2
gld	ukr	2
oss	bel	1
kbd	ukr	1
ara	aaz	1
nsk	eng	1
mol	ron	1
pro	deu	12
car	eng	1
ben	eng	487
dan	slv	64
hin	mar	72
nld	kat	2
ara	amh	1
ykg	sah	4
fra	wci	3
deu	bul	2370
nor	swe	3001
fra	gna	5
inh	bel	1
orv	kaz	1
isl	nor	121
ita	fra	11610
grc	pbi	4
fra	kaz	39
spa	glg	823
est	lav	95
tyv	spa	1
ukr	bul	72
bre	ces	1
tkl	rar	10
mnc	fra	1
niv	kaz	1
grc	urd	3
ita	kaz	5
kbd	krc	1
spa	oci	3
urd	zho	1
vie	bul	9
hin	ron	5
amh	rus	9
kir	sin	2
cat	ces	27
sah	oss	1
eng	due	3
swg	eng	1
fra	cre	1
nio	rus	2
pol	hun	545
heb	mkd	2
hun	lit	66
wls	fra	1
chg	eng	4
lat	tir	2
grc	dnn	1
eng	war	1
fin	ron	12
zho	fra	1475
eng	mfe	3
spa	afr	1
bel	fin	2
kir	abk	1
nor	msa	5
vie	tir	2
gmh	nld	13
grc	drs	1
grc	gur	9
san	hin	508
bul	swe	10
deu	rcf	1
kir	hun	10
eus	slv	1
bra	mal	1
slk	swe	10
pol	hin	2
grc	yut	1
myv	ukr	1
slk	hun	1104
nor	mon	1
eng	bib	2
lat	deu	3656
grc	iku	6
eng	aze	67
rus	abq	8
cop	ell	1
nor	spa	317
hin	eng	361
nci	nld	3
ang	sqi	1
urd	mar	8
kas	ron	1
eng	rup	1
wol	eng	3
ell	fra	599
sme	dan	2
nog	deu	1
pro	cat	8
mon	ita	1
ces	pol	788
eng	xho	22
bua	eng	1
tat	abk	1
kir	hye	2
pro	hun	1
kor	ita	13
udm	uzb	1
fas	mkd	5
ach	hun	1
hun	hbs	413
zho	ita	160
eng	kan	208
pdt	fin	1
lit	ita	20
slv	slk	43
grc	chr	1
rus	tel	190
fro	jpn	11
grc	est	31
nld	msa	162
afr	naq	1
fra	daa	9
deu	khm	1
xal	lit	1
fin	ita	52
bel	ita	2
kir	kaz	21
rus	nor	538
osp	ita	1
san	raj	1
afr	tur	1
kur	tur	7
rus	vot	3
peo	fas	1
san	lit	10
mlt	por	1
spa	kjb	1
zho	pcc	3
swe	gla	1
spa	nor	445
heb	cme	3
epo	eng	5
mpu	eng	1
roh	deu	54
kha	eng	1
yaa	spa	3
rmr	eus	1
slv	hin	1
grc	mri	4
ukr	tuk	4
slv	bul	12
bak	lav	1
cat	wol	1
rus	hun	2528
gla	gle	8
swe	uzb	2
fra	dua	1
deu	mkd	273
san	ell	4
ell	glg	2
ron	tur	19
swe	bel	7
kat	est	13
dan	slk	55
plw	fil	1
ylr	eng	1
eng	tat	18
dak	spa	2
nld	heb	57
vie	hbs	1
akk	kat	2
rus	cat	159
ukr	fra	106
wol	fra	9
zho	tir	2
dan	tam	20
heb	swg	1
tuk	ukr	19
kaz	bul	4
oka	eng	1
deu	heb	517
eng	tpi	5
iku	eng	18
ara	som	1
bod	lit	9
grc	ape	1
fas	pan	4
lua	deu	1
uzb	fas	10
ces	ara	20
djk	nld	24
aze	slk	5
fra	heb	682
hin	asm	20
tgk	uzb	61
jpn	sin	16
bua	mon	1
smj	fin	1
snd	mal	1
fra	gmh	1
eng	hmn	5
spa	nld	1478
deu	tha	29
bdy	eng	1
ces	kur	2
mkd	mol	3
swe	som	18
aze	lav	3
syr	lat	2
san	mkd	8
heb	est	44
epo	nld	9
enm	fin	2
grc	seh	1
ces	ell	26
heb	kat	3
sme	gle	1
lit	hye	12
arc	glg	1
non	rus	3
heb	lef	2
eng	rar	33
mri	rar	7
rus	pus	262
lav	kat	4
ady	est	2
rus	bua	42
ava	kaa	1
akk	spa	15
heb	dan	81
asm	eng	35
mri	deu	2
fra	smn	1
msa	slk	1
ari	eng	3
fra	lua	8
heb	tha	1
ach	jpn	1
ita	tgk	2
lit	fra	47
cjo	spa	2
dan	sin	2
syr	ita	10
slh	spa	2
bel	ron	8
mua	fra	1
guj	mar	17
kaw	eng	1
ces	hye	22
tur	hye	1
pro	hbs	1
sat	fra	1
ron	uig	1
grc	amh	2
pli	slk	1
slv	cat	8
jpn	tha	33
bel	slk	19
udm	mol	1
orv	ara	1
bsk	deu	1
rus	mol	2183
uzb	fin	1
dan	uzb	4
ttc	fra	1
pol	bul	309
grc	kos	1
san	hye	4
eng	swe	48892
ang	slv	1
kbd	eng	1
pan	asm	5
eng	psi	3
nld	ita	252
egy	dan	2
arn	glg	1
orm	eng	2
aze	ben	2
srd	fra	1
deu	lin	2
tur	bak	2
urd	fin	4
lat	fas	6
zho	nld	259
bul	por	30
ell	yid	1
deu	sub	1
ckt	fra	4
grc	ipk	1
hin	por	8
glg	heb	1
tew	eng	2
zho	jpn	1830
spa	kat	23
ara	yor	1
fra	eus	534
grc	mkd	58
fas	bel	2
spa	usp	1
nld	slk	32
fra	wob	3
gld	ron	1
deu	ckt	2
grc	mgo	2
fra	tel	1
nap	eng	1
syr	est	2
msa	auu	1
ron	swe	51
nde	ces	1
tel	slk	1
mri	niu	5
vie	ces	8
msa	uzb	1
rus	oge	1
lit	vie	1
dng	est	1
msa	spa	12
eng	mal	453
udm	fin	3
pol	slk	484
ron	aze	6
hbs	mon	3
hye	spa	6
nor	pan	2
est	ita	22
nld	isl	65
eng	arw	1
afr	pol	1
kur	deu	20
cat	nld	73
tam	spa	4
kir	tur	10
ara	slk	23
tuk	pan	2
lat	fin	172
bak	tat	19
rus	alt	46
swe	epo	46
rus	mya	9
urd	ori	3
vls	nld	4
hin	urd	32
eng	haw	9
fra	daf	1
lit	kaz	8
tab	rus	13
zho	bay	2
rus	tuk	579
grc	sco	3
gil	eng	1
noo	eng	1
fra	mfe	4
eng	isl	3664
ita	spa	12497
rup	mkd	1
eng	tet	2
slk	pol	335
nld	tam	2
tuk	fas	3
xal	rus	136
mkd	mlt	1
tur	kaz	14
tgk	fas	16
fra	glg	322
pol	msa	2
grc	mvc	1
guj	kan	1
dan	fil	1
fra	khm	1
snd	deu	2
frm	nld	10
tam	mar	8
kaz	hin	5
nor	fas	22
jrb	deu	2
uzb	aze	18
eng	eus	926
ave	ita	1
ces	spa	444
bel	ukr	74
tyv	est	1
hye	uzb	9
zho	lit	14
hye	lit	16
ces	nld	313
egy	grc	1
bul	cat	4
hbs	pol	285
heb	ifa	1
ara	ady	1
ara	pus	2
orv	kir	1
che	rus	62
ton	eng	3
grn	fra	2
syr	swe	9
eng	tvl	1
zho	bul	67
fin	spa	140
snd	hin	6
mkd	nld	1
pli	jpn	42
que	spa	13
deu	lao	1
fra	mon	51
lat	bre	7
div	eng	1
aho	eng	1
lit	ces	30
gmh	eng	73
ram	por	1
ben	jpn	32
heb	ghs	1
srs	spa	1
fra	mya	7
khm	jpn	8
grc	ncu	2
grc	jnj	1
mlt	slk	3
eve	sah	2
dan	eng	4253
heb	por	78
cym	fra	18
hun	swe	80
kan	hin	64
mkd	epo	13
bul	est	22
ukr	est	29
heb	acf	1
deu	kor	1670
ben	tam	56
ces	sqi	19
afr	eng	121
glg	nor	1
cat	lav	3
kab	fra	38
spa	frr	1
est	aze	6
kir	tel	3
gle	ces	2
slk	kaz	15
swe	nld	1210
aze	kaa	1
eng	div	7
swe	tam	1
eng	ben	688
fro	enm	4
yua	fra	1
fra	tuk	1
hun	slv	53
lit	lao	2
tgk	kaz	7
spa	aze	8
pal	eng	6
fas	kaz	13
wls	eng	1
rus	asm	99
msa	urd	1
abk	kir	1
eng	gup	1
gag	ukr	1
kat	hbs	5
bel	hun	6
nci	hbs	3
ara	ces	38
spa	uzb	8
smo	eng	7
rom	rus	11
tuk	tgk	6
eng	kqy	1
ita	fro	1
ori	hin	82
spa	tca	2
yid	ukr	31
dum	jpn	1
fra	kat	85
mal	mol	1
lol	nld	1
dng	kaa	1
dar	est	1
ita	heb	143
rus	lav	1672
snd	tam	1
cat	est	4
rus	slv	222
uig	kir	1
grc	mpe	1
pap	eng	1
asm	tel	3
ben	sin	9
aym	spa	4
oss	ukr	5
cat	ast	6
jpn	tur	31
kir	deu	46
afr	nld	108
nor	isl	459
grc	ktb	2
xal	eng	1
ron	mol	3
ces	gsw	1
cat	pol	7
bul	fin	11
fao	swe	13
tmh	nld	3
heb	bim	4
hin	swe	5
heb	axk	1
grc	glg	25
slv	epo	3
hin	kir	1
cjs	rus	3
kaa	tat	1
aze	hin	3
grc	slm	3
enm	dan	1
deu	oci	2
epo	pol	3
deu	bel	59
jam	fra	1
tam	fra	32
grc	fao	3
cym	deu	29
mkd	nor	1
deu	mlt	1
mai	hin	8
fin	fas	7
ara	kab	1
ukr	bel	42
lav	epo	1
epo	lit	1
mon	pol	2
grc	sig	2
sot	eng	3
fin	tha	1
chs	eng	1
kom	rus	88
rom	tat	1
hin	ita	10
syr	tur	3
che	ukr	2
sme	fra	1
ara	rus	442
fra	ker	4
spa	cjo	1
uzb	ukr	19
fas	mol	6
eng	rom	18
eng	ntr	1
kor	fin	30
rus	udm	29
chu	slk	1
pro	oci	2
grc	ell	20
fra	yas	2
tel	mal	5
cat	fil	1
ita	fas	96
cym	bre	38
mal	hin	37
ces	dan	121
fro	nor	17
grc	hag	3
epo	jpn	8
san	vie	3
ukr	bak	5
nep	zho	1
slk	aze	3
bel	tuk	7
fas	aze	48
isl	lit	19
fin	cym	1
srn	eng	1
yrk	ces	1
tgk	aze	5
eng	mni	1
ckt	uzb	1
eng	ori	161
san	mar	101
des	eng	1
hun	rom	1
frm	dan	1
pcd	fra	18
tli	eng	2
zho	tam	7
ang	rus	1
pro	slv	1
eng	bcw	1
nen	eng	1
nci	fra	12
heb	car	1
hin	est	6
grc	por	293
fin	rus	411
lav	tgk	6
grc	mta	1
swe	deu	5019
rus	mlg	89
eng	tiz	1
ton	tkl	4
fra	axk	2
urd	nor	5
nav	deu	4
grc	xsb	1
est	ukr	31
est	ces	62
mol	guj	1
egy	swe	1
amh	heb	1
ben	hin	490
tuk	ben	1
evn	deu	4
fas	ell	14
heb	zho	46
slk	rom	1
est	bul	39
krc	kum	1
ara	mal	15
zho	duu	1
lao	kir	1
heb	sep	2
grc	tiw	4
pol	cym	1
tha	jpn	80
heb	oci	1
grc	xuo	5
kla	eng	1
rus	iku	10
ita	slv	1016
cos	deu	4
hun	slk	365
rus	est	2062
lit	aze	7
kat	ady	1
oma	eng	2
kat	abk	9
isl	mol	2
nld	asm	1
fra	bel	45
tnr	fra	1
deu	mya	3
akk	mkd	1
ara	asm	3
arc	fra	29
urd	hun	2
nld	lit	47
grc	acr	2
aee	deu	1
enm	por	1
ces	bul	276
rop	eng	6
hbs	fas	3
nor	mal	6
eng	mkw	1
ita	pro	1
ces	deu	3001
nld	pap	1
heb	swe	182
kur	ita	1
heb	pau	2
ast	arg	1
san	uzb	3
fro	pol	9
eng	ake	14
fra	vie	30
fra	lit	1250
ces	swe	208
heb	sld	2
ara	jpn	106
rus	ell	551
zho	slv	20
por	mal	3
kan	guj	8
grc	vie	4
ita	tat	1
san	deu	385
pus	rus	10
fil	eng	67
arn	deu	1
hbs	ron	359
lat	kat	8
heb	mbb	1
ara	fun	1
osx	eng	2
heb	pro	1
por	kir	3
heb	lob	1
mon	rus	65
spa	frs	1
grc	agt	2
lat	ell	77
swe	rmu	11
fra	flr	2
jpn	hye	2
mlt	ron	1
isl	jpn	10
uzb	ara	17
mar	swe	1
asm	urd	2
mkd	ukr	7
hlb	hin	1
bul	lav	20
eng	bem	1
awa	eng	1
yiz	zho	2
fra	slk	1311
iku	rus	20
ndo	deu	1
pli	vie	1
kor	est	1
dan	zho	263
grc	kmb	1
por	pol	148
fra	chv	1
rus	sin	201
ben	vie	1
grc	rmr	1
tur	ell	106
deu	cag	1
gla	fin	1
tur	pol	21
tuk	mol	8
swe	fao	93
heb	xed	1
eng	kur	19
aze	deu	28
eng	yid	17
lat	lit	105
grc	zho	225
kok	kan	1
cor	eng	8
jpn	bul	97
eng	gbr	1
ltz	fra	2
nld	ben	4
hye	ita	7
mau	nld	1
uzb	krc	1
orv	pol	2
heb	efi	1
est	hbs	2
lit	fin	12
heb	gup	1
bod	ita	25
mri	tkl	13
rus	mon	493
fas	spa	128
mar	uzb	1
pol	deu	2933
uzb	pus	2
glg	hbs	1
pli	asm	1
msa	sqi	1
deu	dan	4792
fra	ben	72
grc	que	2
deu	mol	100
lat	eng	2556
grc	abi	4
sux	deu	21
grc	daa	2
lad	deu	7
jvn	nld	9
nor	nld	508
eus	jpn	3
isl	glg	2
msa	zho	18
dzo	deu	1
tgk	ukr	19
jpn	mal	9
kaz	chv	1
grc	deu	2729
gla	bre	1
lit	amh	1
ita	mlt	14
rus	yrk	4
heb	kdh	4
vie	dan	3
hin	ell	1
mlt	mkd	1
kal	fra	1
pro	ron	3
grc	yka	1
rus	tam	411
pal	ita	1
bal	deu	1
fas	uig	5
bul	zho	16
grc	nld	453
bua	pol	1
ukr	eng	411
fas	ben	16
fra	mif	9
grc	ife	22
kan	rus	1
nor	kur	3
oss	eng	1
fin	kir	2
eng	bik	1
pol	csb	1
nld	eus	24
nor	fra	570
mlg	ces	2
fan	spa	3
pli	swe	5
pol	mlt	2
fin	smn	6
mnc	bul	1
cop	hat	1
sqi	pan	1
fra	bre	225
ava	fas	1
slk	est	11
eng	cym	2210
jpn	slv	34
heb	gsw	1
ave	nld	1
grc	csb	2
heb	ncu	1
zho	isl	9
jpn	tel	3
non	mkd	1
lav	jpn	3
mdf	hun	2
vie	fra	167
pus	kir	2
eng	lef	1
ell	bul	133
swa	rus	5
fra	iku	6
yid	swe	60
hun	gsw	1
eng	tam	679
ckt	kaz	1
niu	mri	1
mon	deu	28
eng	gmh	1
kbd	oss	1
spa	knj	1
deu	mar	18
jpn	msa	31
tam	glg	1
lit	tam	3
lkt	deu	1
bua	kir	2
zho	ell	47
gnd	fra	1
nor	sin	4
tur	kir	4
tuk	kat	2
bod	san	1
ori	pan	1
urd	ara	38
enf	rus	1
hbs	ukr	190
afr	her	1
fin	hye	1
por	sco	1
egy	msa	1
heb	nko	1
ces	hin	4
fra	gle	2
gmh	jpn	8
dan	fin	750
sux	tur	1
deu	kur	17
frm	rus	4
tur	uig	12
sin	dan	1
ben	lit	13
zho	bca	2
eng	mar	352
mni	eng	3
eng	fri	31
kgs	eng	1
deu	grn	1
pol	ben	5
grc	wim	5
por	eus	15
chg	tur	3
deu	fas	434
ces	kor	29
lav	pol	23
afr	por	1
fin	dan	185
uzb	rus	518
heb	kyq	1
ron	pol	62
spa	tgk	8
swa	eng	13
eng	sin	302
kjh	est	1
nci	nor	1
pjt	eng	2
sqi	fin	1
pal	jpn	1
sqi	hbs	62
niv	rus	7
kaz	kir	20
ita	rus	1047
ben	tel	19
nor	bod	2
zho	zha	101
nor	sma	10
nor	tam	3
pia	spa	1
syr	eng	69
eng	pwm	1
hin	fas	4
msa	mal	1
ces	epo	23
cme	fra	3
gmh	slk	1
che	ava	1
som	ita	2
fra	pdc	1
heb	lav	3
bak	kaz	9
kir	jpn	3
san	pan	10
tam	mal	48
kum	ukr	2
eng	dak	9
fra	dyu	3
pli	bul	3
rus	amh	270
osp	spa	6
eng	ang	2
nor	ita	99
kaz	ben	1
eng	bel	98
asm	ori	13
oss	rus	136
ell	nor	15
hop	eng	15
ben	bul	8
bul	sin	1
cro	eng	2
orv	chv	1
kaz	bel	8
eng	tkl	57
abk	rus	106
kas	deu	1
hbs	por	38
ces	lat	20
zho	doc	5
spa	tuk	2
enm	nld	4
mhu	eng	1
kir	bel	4
mol	eng	655
oss	lit	1
lat	lav	12
sqi	lav	2
tmh	deu	1
ukr	ces	60
grc	jpn	230
tur	hin	3
isl	fin	76
grc	kek	2
slk	cat	1
gle	nor	4
ita	frm	1
pan	pol	2
mol	rus	1869
mkd	slk	8
snd	mar	1
fro	sin	2
mau	ces	1
grc	khm	1
kur	bul	1
mol	tuk	2
rus	lat	3
bel	slv	2
lat	rus	247
cym	ben	1
heb	wsk	1
cat	bre	11
tuk	guj	1
oci	bre	1
por	sqi	29
nld	sqi	21
fra	jgo	2
grc	gnd	5
eng	enm	1
ara	nor	83
kor	eng	259
ell	ukr	21
chu	ron	2
raj	deu	1
rus	kjh	14
kir	ben	4
tkl	eng	15
chu	fra	9
ron	mon	1
san	ita	56
dng	rus	6
eus	ast	12
rus	swa	282
dar	rus	61
fra	sqi	779
hun	dan	37
urd	brh	1
arc	dan	5
kir	tuk	7
hin	deu	107
akk	hbs	5
deu	ben	72
spa	bel	14
kir	rus	366
esu	eng	2
tgk	hye	4
ita	mon	17
fra	enm	1
dan	spa	1174
spa	ita	2684
tat	fas	2
san	fin	20
kat	pol	10
por	nld	310
smo	niu	16
hye	bel	7
ukr	ben	3
see	eng	3
tam	nld	4
hbs	aze	3
krc	kaz	1
rus	bre	4
bel	ara	14
jpn	ori	2
ben	hye	1
bel	hbs	10
niu	ton	7
fra	kqk	1
kut	spa	1
gez	eng	8
heb	nay	1
fas	mon	3
kor	swe	54
jpn	hin	11
sga	fra	1
slk	kor	1
nld	ron	43
nys	eng	1
kir	lao	1
kik	deu	2
heb	fas	8
rus	myv	30
chu	eng	11
fra	nnh	12
rus	tha	20
yid	por	3
ukr	por	2
ron	nld	21
hmn	eng	5
ast	eus	3
bua	est	2
hbs	cat	12
bul	gle	1
urd	tam	27
ara	heb	24
kor	afr	1
heb	grc	5
deu	sin	23
bul	ukr	81
hin	hun	24
tel	eng	73
spa	hin	12
ces	est	92
eng	bnc	11
hun	rus	951
sux	ara	1
ava	uzb	3
hun	est	93
grc	ces	171
tam	pan	1
lac	fra	1
tat	rus	349
heb	ibg	1
ben	kor	3
fra	lin	6
fra	lem	2
cak	spa	1
ita	por	3185
rus	rut	1
ell	sco	2
epo	rus	2
eus	eng	98
kat	kaz	5
xal	ces	1
san	kan	114
kjh	kir	1
swe	khm	1
amh	ita	5
eng	idd	1
nld	ltz	1
moh	cay	2
fin	kor	3
guj	asm	2
eng	snd	5
fra	yam	1
gmh	tur	1
tat	deu	1
gux	deu	1
grc	bar	1
ukr	pol	175
grc	sep	3
heb	fao	1
tam	sin	5
slk	hbs	92
pli	ita	9
mxp	spa	1
zho	lis	78
fra	tur	1910
grc	udl	1
bak	mol	2
lit	lav	82
tgk	kaa	3
que	ita	1
bkc	fra	3
mdf	fra	1
ori	zho	1
rus	ast	2
pli	rus	10
fon	fra	1
fra	oku	1
inh	ukr	4
eng	tbl	10
spa	cym	5
aze	hye	35
lat	ben	3
san	mnc	1
bul	nld	23
ska	deu	1
pan	nld	1
kom	mol	1
yor	eng	14
eng	yiz	1
uig	deu	4
gsw	eng	1
grc	etr	1
fro	por	8
eng	akc	1
jrb	spa	1
eng	tpm	1
bod	vie	2
hun	bul	196
nor	vie	1
grc	kaz	5
tyv	mon	1
crs	rus	2
heb	deu	2107
deu	uzb	44
pol	hye	19
rus	lao	212
arn	eng	1
vie	slk	3
lit	eng	409
rus	dan	638
slv	eus	1
raj	eng	8
sms	sme	1
eng	san	15
hun	ces	283
epo	swe	2
hun	eus	4
egy	por	3
fra	cym	31
doi	mal	1
vie	fin	3
afr	ben	2
zho	kor	646
wbp	eng	15
hun	epo	37
itl	rus	3
dga	eng	1
san	isl	1
tel	ben	6
tam	hbs	1
ell	zho	25
uig	kaa	3
alq	fra	1
bra	eng	4
heb	sah	1
eng	uzb	53
deu	kaa	8
bod	slk	1
ibo	spa	1
kir	slv	1
lav	hun	12
por	tur	37
ces	tel	1
heb	ces	104
dar	ara	2
mpc	eng	1
epo	asm	1
sga	lat	1
hmn	deu	1
amh	ces	4
hye	pan	1
yua	nor	1
ukr	kaa	3
fra	fin	2594
ton	niu	6
deu	rup	2
spa	frm	2
tpr	eng	1
nen	fra	3
fra	syr	1
ang	swe	3
kbd	lit	1
gle	rus	7
yid	eng	384
grc	sma	1
bod	lav	1
lav	swe	44
heb	sbl	1
lao	fra	9
cat	isl	2
pol	tgk	4
zho	fil	2
ksw	mya	2
nor	ast	1
por	mar	1
mlt	hbs	2
dan	hye	3
eng	nfr	4
deu	ven	1
deu	tgk	23
heb	gur	2
che	inh	1
ori	urd	7
egy	rus	3
yid	hun	17
heb	hun	152
isl	spa	52
fro	mon	1
por	mwl	1
fra	beh	13
jpn	kir	1
eng	swa	12
deu	mon	39
ori	tel	2
grc	pjt	3
jav	fra	5
kaz	sqi	1
kas	hin	8
grc	ton	1
uig	mon	2
spa	vie	1
yid	sin	1
fra	uig	15
ben	aze	1
ben	isl	1
gle	por	1
grc	naw	1
aze	spa	3
ita	ltz	1
lit	rus	598
beq	fra	4
khm	eng	12
dan	lad	1
dar	deu	3
slk	epo	4
tam	new	1
gcf	spa	1
lit	tuk	5
tur	ara	97
rus	kaz	1523
hin	tuk	4
deu	mal	45
est	ron	2
lav	eng	107
tuk	pus	1
xal	kaz	1
dan	ell	74
ukr	tyv	2
tcy	eng	1
tel	hin	26
swa	ara	1
fas	jpn	39
kbd	ara	3
kor	por	6
grc	pro	1
deu	kir	23
bla	spa	1
san	tam	146
heb	mlp	1
nld	hun	323
swe	zho	181
heb	uig	1
est	sah	2
dan	fri	4
eng	ron	8130
heb	nld	324
ses	eng	1
ita	asm	2
heb	rup	1
rus	nde	5
ces	sin	1
lit	mon	3
bod	aze	1
frs	deu	3
rus	fin	1208
sqi	isl	1
tzm	deu	1
fra	mlt	7
grc	vep	2
kir	mlg	1
deu	fri	27
tel	hbs	2
bul	deu	371
deu	lez	1
heb	frs	1
zho	nbf	19
fra	mmy	1
rom	ces	9
syr	lit	1
eng	lbe	1
jpn	mar	1
lav	kir	2
krc	lav	1
eve	ces	1
lit	fas	5
tzm	nld	2
nhv	fra	1
hun	mal	1
ben	nep	2
ita	swe	638
ttt	rus	4
iku	fao	1
fas	slk	3
fra	mov	1
eng	tur	5405
mon	spa	4
gsc	fra	11
eng	sqi	2029
ave	eng	4
bua	hun	3
tuk	kaz	12
hid	spa	1
grc	lns	1
mar	asm	4
dan	wbm	1
kom	lao	1
deu	nog	1
nld	guj	2
frm	bul	1
fra	mkw	2
jpn	spa	1195
bak	ukr	7
heb	pdt	2
slk	ron	37
aze	bul	1
oci	spa	4
piz	fra	2
bel	tat	2
kik	fin	1
lit	yid	1
tam	kan	13
wlm	eng	2
krc	oss	1
lit	ell	1
ita	slk	594
sqi	ita	72
non	dan	19
eng	oku	3
grc	wbp	5
spa	khm	1
tha	spa	8
sqi	fra	340
cym	cor	1
fra	afr	8
jav	nld	4
hin	sin	3
twf	spa	1
abq	rus	8
tat	hbs	1
hil	eng	2
fwa	fra	2
eng	nga	2
eng	sil	2
pan	ben	5
fra	kon	4
guj	fra	3
eng	gsw	36
eng	cme	1
swe	mon	1
yaq	eng	2
ita	urd	5
fra	nzy	1
rus	aze	1168
fra	kyf	2
bel	bul	47
fra	kal	5
hye	zho	1
ron	ell	30
fao	fin	2
glg	hun	2
bel	hin	1
iku	ces	2
sah	pol	2
heb	gba	2
pus	spa	2
grc	eng	2154
mdf	kaz	1
kri	spa	1
hbs	rom	31
grc	ara	80
pus	nld	1
arc	hun	1
lez	rus	32
ita	lat	12
heb	lat	25
ben	ukr	1
bak	kat	1
tat	uzb	9
bal	eng	2
dgr	eng	2
hin	kor	2
nld	cat	101
deu	est	1953
fro	ron	4
kor	ell	1
eng	vas	1
ita	jpn	1517
swe	kat	14
ben	urd	13
kir	khm	1
arp	eng	2
mon	zho	12
frm	fas	2
fra	uzb	19
cat	ita	93
kxv	deu	1
deu	kab	1
eng	bss	3
hye	kas	1
eng	nde	8
nde	eng	2
kor	jpn	1243
nld	glg	24
hin	tam	49
ces	lav	56
mal	fin	3
grc	lav	23
eng	gul	1
eng	som	26
ukr	lit	25
cop	fin	2
bel	chv	5
zho	spa	489
tgk	est	6
ukr	hun	98
spa	hat	1
tur	hbs	69
heb	xon	3
deu	rus	6256
mon	ces	5
ara	kaz	46
zun	spa	1
fas	dan	29
afr	bul	3
kor	lit	5
san	cat	11
kir	ara	4
zho	rus	291
tha	eng	41
rus	isl	61
ron	eng	1565
eng	fij	7
acr	eng	3
ces	msa	1
gla	cym	2
ara	tzm	5
eng	moz	6
kbd	rus	102
bua	kaz	2
deu	che	2
ara	san	1
fas	cat	5
ita	ces	1155
bel	dan	1
grn	glg	1
deu	sma	1
osp	rus	2
kat	tuk	4
pol	chv	2
grc	kyq	2
fin	msa	1
mnc	rus	1
grc	daf	3
chy	deu	6
bul	jpn	28
ukr	nor	1
bul	nor	4
dng	kir	1
ukr	lao	3
sah	kir	1
grc	akp	1
tuk	slk	1
frm	fro	2
grc	vot	1
chu	swe	5
spa	ben	16
san	ara	33
ron	ukr	39
bul	slv	8
pol	mol	24
ita	mol	50
hmn	fra	1
fas	kir	4
zdj	fra	3
sac	eng	1
dan	isl	652
mai	urd	1
grc	xon	4
xal	deu	2
bak	pol	1
kca	deu	1
rus	glg	17
ava	rus	135
khm	rus	2
fro	cat	12
kur	isl	1
ett	eng	2
ara	fas	694
gla	eng	38
kir	lit	7
smo	ton	17
tur	zho	14
alq	eng	1
cop	por	1
est	slk	35
ave	tgk	1
spa	jpn	1019
tat	hun	6
bvr	eng	3
fin	swe	2726
uzb	slk	7
eng	ltz	12
ita	abk	2
aym	fra	1
rus	tir	7
pus	tgk	1
gld	slk	1
grc	ted	7
dar	ori	1
nor	eus	8
eng	mai	1
deu	ceb	1
fra	tat	6
eng	hil	1
jam	eng	1
ita	fao	1
mni	hin	5
kor	ron	6
nor	som	5
slk	nor	6
fra	xsm	20
aze	pol	9
sms	nor	2
som	fin	3
por	mkd	20
grc	xrb	4
ara	slv	22
deu	tel	20
fra	pcd	9
cym	dan	1
grc	mlg	1
heb	yid	40
lit	por	4
lad	spa	2
deu	aze	30
vec	spa	1
ita	hun	1553
egy	slv	1
ben	nor	4
pli	ron	1
deu	lav	1012
ukr	hye	25
arc	heb	4
alt	jpn	1
fra	wib	7
rar	niu	8
ava	hau	1
iku	nld	2
eng	mlg	42
zho	atb	3
eng	lmp	5
fas	tam	4
chu	lat	1
tgk	hbs	1
kat	mol	10
tur	kaa	1
hye	nor	2
hun	hye	13
spa	fil	13
kaz	fra	2
ewo	fra	1
fra	any	2
frm	hun	4
est	swe	135
msa	fra	26
fro	rus	15
grc	hin	7
bod	mol	1
nor	glg	4
myv	fra	1
aze	kaz	9
grc	tik	9
tat	ukr	14
heb	nhu	1
grc	cat	208
grc	cgc	1
kur	hbs	1
kan	dan	1
deu	grc	3
fra	gba	5
che	kir	1
mdf	myv	1
eng	bis	1
urd	ron	1
bod	tur	1
eng	ibl	1
orv	ita	4
rus	ces	2978
afr	spa	3
ton	rar	7
ell	ast	1
lav	mol	11
lit	pan	1
nor	hbs	178
bel	fra	30
spa	epo	8
kik	dan	1
fri	eng	6
lat	bel	13
fin	isl	45
grc	kkj	12
rar	eng	1
tgk	ces	4
pol	ell	36
nld	tur	49
mkd	bel	1
swe	mal	2
kir	krc	1
eng	pkp	1
bdm	fra	13
fra	dgi	5
bzj	fra	1
fin	est	952
mga	fra	2
pol	nor	84
spa	mlt	3
nld	nor	350
nor	kal	3
eng	aka	1
vie	swe	18
dan	deu	2909
ara	mol	10
swe	kir	2
ton	smo	7
rus	xal	33
pus	fas	1
zho	nor	56
dan	swe	3462
nld	gle	1
grc	yam	5
bul	uzb	8
oci	auv	1
guw	fra	1
hun	bel	7
hbs	sqi	739
krc	mol	1
ang	heb	1
rus	eve	12
nor	zho	78
yrk	est	4
rop	wbp	1
tat	lit	1
fra	dbq	10
muw	hin	1
bel	spa	24
lat	fro	12
tan	eng	2
arc	yid	5
nep	jpn	7
mol	lit	10
hbs	lbe	1
nor	kir	1
grc	dow	2
eng	spa	128205
liv	eng	1
gcf	fra	67
ita	hye	17
sux	dan	2
ckt	pol	1
orv	mkd	2
por	jpn	216
deu	glg	170
lit	spa	9
rus	fao	3
grc	biv	4
fra	bod	2
ita	kor	223
glg	fra	43
heb	iku	2
ang	dan	5
ita	sme	2
slv	hun	89
grc	ken	6
urd	tel	27
grc	hbs	497
mkd	pol	17
niv	uzb	1
heb	bcq	2
ben	mon	10
mol	aze	5
san	kaz	2
nld	fin	336
tyv	lav	1
zho	fin	56
eng	msa	3672
slk	lav	7
oss	est	3
chu	rus	6
fra	gsw	14
fra	lub	1
dyu	fra	4
nor	ces	110
ara	fro	1
fra	nga	2
zap	eng	1
gez	ita	2
eng	kma	4
eng	dji	1
kir	fas	5
uzb	bel	9
tcs	eng	1
swa	jpn	4
awa	hin	1
bas	fra	2
grc	gna	3
glg	por	47
gbb	eng	1
fra	gde	8
frm	jpn	2
deu	pan	16
bre	cym	6
rus	sah	173
ota	eng	7
fro	ukr	1
ces	sco	1
fra	ntm	2
kum	eng	1
heb	fri	1
hch	spa	1
slv	nor	2
deu	ukr	222
ces	ben	3
tur	fas	41
squ	fra	2
heb	mri	1
lat	cym	4
spa	kaz	15
rus	kbd	75
que	cat	1
glg	ita	8
kaz	kat	3
kor	ori	1
eng	tyv	2
egy	sqi	1
ron	pro	3
swe	ell	94
pol	mal	3
grc	sil	4
grc	nga	9
nep	rus	1
che	fra	3
twf	eng	1
rus	nog	31
grc	pis	1
cop	dan	3
gwa	fra	1
lat	zho	75
roh	ita	7
hbs	slk	503
ita	uig	1
jpn	lit	71
eme	fra	1
lin	fra	13
osx	fra	1
eng	roh	11
vie	amh	2
arc	ita	6
fra	snk	1
hin	dan	1
yid	jpn	11
asm	tam	1
grc	vut	1
fas	xho	1
nld	hbs	192
rar	ton	9
lit	mol	15
tur	glg	1
fra	aze	30
fra	ekm	2
hun	fas	6
eng	wwa	2
flm	mya	1
afr	mol	1
rar	tkl	7
iku	mol	1
deu	nep	10
grc	udu	1
por	ori	1
slv	ara	2
dan	hun	162
chu	mkd	2
ita	ron	663
mal	guj	7
dan	mkd	17
abk	tuk	1
rus	fri	1
ron	hun	653
vie	urd	1
ces	chu	1
heb	kfz	3
pal	pol	1
bul	slk	109
fin	slk	32
uzb	hin	9
krc	aze	1
vie	nor	6
dhv	fra	1
ita	swg	1
kir	ell	1
fra	ast	29
sme	smn	3
swe	eng	4502
uzb	ron	1
que	dan	2
mni	mar	2
mal	tel	5
grc	kup	1
kir	kaa	7
rus	hye	1559
grc	kaa	1
ara	bre	2
bak	rus	287
isl	ell	6
guj	eng	70
est	por	6
nep	nld	1
plw	fra	1
hbs	kor	5
dan	nor	2247
fra	hat	3
fra	gla	2
gle	slv	1
cym	heb	1
ara	swa	3
pol	hbs	413
ell	eng	1669
tah	eng	1
ynn	eng	2
eng	sxn	1
jpn	bre	2
tur	jpn	23
slv	uzb	4
frm	ita	11
rus	hbs	2498
tkl	smo	23
fra	hin	34
eng	ibo	3
ita	tur	208
heb	udu	1
ara	tgk	11
grc	bbb	1
hye	kir	7
ara	uig	18
fin	hbs	43
slk	bul	71
gld	tam	1
eng	mol	528
fas	lit	11
ita	eng	5612
lit	cat	1
ukr	guj	4
crg	eng	1
chv	kaz	2
eng	ncu	3
mon	kat	1
grc	bim	5
eng	ifk	4
mol	ukr	37
isl	eus	1
enm	ita	5
san	ukr	10
lat	kaz	1
grc	dyu	1
heb	chr	1
dan	tat	1
ita	cim	2
hye	tur	7
fra	tzm	5
fra	ajg	7
urd	kan	29
san	kat	5
fra	kan	6
vec	ita	1
swa	fin	1
sux	mkd	2
urd	sqi	7
isl	bul	5
chp	eng	18
tat	kir	3
tuk	hun	3
abk	ukr	6
ben	kir	1
amh	lat	1
fra	mmu	2
eng	bkd	1
pli	ces	13
tam	ukr	3
ukr	vie	2
por	slk	41
ita	lav	131
sms	deu	1
ara	tat	5
ces	tat	1
grc	omw	1
vie	nld	17
ukr	mar	2
slk	kat	14
fra	ori	16
ben	swe	8
dep	eng	1
san	heb	1
ori	asm	14
zho	glg	1
wap	eng	1
urd	spa	3
lit	nor	6
ara	yid	1
hun	spa	297
zho	udm	1
tat	pus	1
fin	aze	1
ukr	nld	1
fra	kbp	6
mya	hin	2
grc	nfr	5
rus	ykg	1
iku	nor	1
ita	ell	1309
pol	nld	221
grc	lat	75
eng	guj	135
pol	uzb	9
krc	rus	118
rus	tat	731
bel	kat	5
rus	ita	1476
rus	kaa	432
udm	est	22
dan	bis	1
deu	nld	15059
heb	epo	34
sum	spa	1
fas	oss	1
bam	fra	25
cym	eng	488
rus	oss	108
ast	eng	2
swe	sqi	38
heb	hns	1
nog	tgk	1
cat	heb	7
rus	pan	153
sme	fin	13
dan	nld	521
bum	fra	2
deu	cym	9
ita	lit	449
roh	fra	21
chg	urd	1
bod	ell	4
eng	epo	65
heb	tat	1
grc	myv	1
hye	ell	2
eng	djj	9
prg	ces	1
kat	fra	39
pus	mol	2
chv	hun	3
grc	ukr	26
grc	krl	2
ita	mkd	153
fra	knp	4
spa	eng	9244
rus	kor	397
pol	fin	82
heb	kqy	1
heb	hbs	120
lav	uzb	8
spa	tha	1
slk	slv	30
eus	arg	10
ari	spa	1
crh	ukr	2
hbs	ces	175
jpn	mai	1
fra	wwa	9
por	hye	1
gla	fra	7
ukr	jpn	14
ewe	cat	1
slk	ara	6
lbe	fra	1
hin	guj	42
jpn	vie	12
jpn	hbs	129
fra	atj	3
hun	lav	32
jpn	fin	273
pol	mon	6
rom	hun	1
amx	eng	1
pli	ori	1
dan	sqi	39
bel	est	19
non	spa	11
slv	lav	2
swe	lat	1
ntr	eng	1
isl	slv	4
rus	gle	11
eng	oss	7
vie	mal	2
grc	pir	1
eng	kxc	3
kat	ron	9
dar	urd	2
spa	eus	1377
cat	arg	13
mai	eng	3
hbs	nor	51
eng	axk	1
aze	kir	4
vie	kir	4
tam	dan	4
yid	bre	1
lit	swa	2
fas	ukr	4
heb	rus	217
tur	ron	33
dan	ron	90
nna	eng	1
eng	hin	922
pol	tuk	1
mdf	est	4
yid	hbs	19
nuy	eng	1
tur	abk	1
hun	grc	1
kur	nor	3
glv	eng	1
zho	tdd	2
grc	mcp	3
iai	fra	1
grc	nbw	1
eng	suc	5
kyh	fra	1
zho	tyv	1
nld	bul	53
kho	ita	1
syr	nld	8
bak	tam	1
grc	acd	4
egy	jpn	2
pli	fra	34
lbe	tab	1
spa	agr	1
ara	pan	3
fin	heb	16
oci	eng	9
zho	bre	3
ben	new	1
nor	tha	4
eng	bno	1
pus	bel	2
deu	lat	38
fra	mos	2
hun	ell	23
fas	heb	3
zho	hye	2
ude	rus	1
ara	hun	58
grc	kab	5
fri	deu	6
spa	aym	4
grc	frs	1
niv	jpn	1
ron	rup	2
slv	fin	7
aji	fra	1
haw	eng	17
ell	mol	6
lit	ukr	39
spa	fin	465
ara	cat	82
fra	hau	5
mal	mar	8
cym	ces	3
rus	por	1331
lil	eng	1
kir	nld	2
chg	zho	1
cop	ron	4
fin	ukr	7
kir	aze	7
aze	kat	17
grc	bav	4
glg	kor	1
chm	rus	97
kjb	eng	1
kaa	uzb	21
gsw	ita	4
krc	kir	3
eng	atd	2
fas	eng	631
ita	deu	9472
pan	fra	7
eng	yua	1
tha	ron	1
yid	ron	7
lav	mon	1
mar	ori	5
lit	isl	1
ell	ces	37
swe	cym	7
ota	pol	1
fin	sqi	11
egy	pol	1
grc	yml	1
cni	deu	1
ell	deu	661
gld	mal	2
krl	fin	1
slk	ell	1
aze	mol	10
sqi	est	1
lat	mlg	3
deu	ell	2022
eng	wbp	3
mhq	spa	1
fra	sor	9
nor	kan	1
vls	pol	1
grc	bji	1
fra	ewe	4
nld	aka	1
vie	ita	2
ava	pan	1
aze	ita	1
tur	tgk	2
kaz	tyv	1
ara	mon	3
ilo	fil	3
kan	mal	27
spa	que	14
por	lit	39
hin	ukr	7
wbp	rop	1
kaa	rus	95
lit	ron	8
kat	sah	1
kir	pus	1
mgv	eng	1
grc	dgz	1
sqi	dan	27
eng	nav	13
cat	bul	10
hun	ben	2
heb	krl	1
ben	por	9
kaa	est	1
slk	ben	1
ben	slv	6
grn	spa	3
eng	dan	40370
crh	aze	1
tur	heb	6
rar	smo	9
guj	urd	3
ita	est	320
kur	lit	1
sme	nor	42
tha	zho	8
est	tyv	3
apm	eng	1
kas	eng	6
eng	pdt	8
sux	ell	1
mol	hun	4
zho	kat	8
uzb	uig	6
lat	frm	8
isl	fao	15
swe	hin	2
lav	slv	2
zun	eng	2
mkd	rup	2
sef	fra	1
fra	gen	3
fas	kaa	2
kat	kir	9
fra	kur	6
lav	nld	2
heb	daf	1
deu	gle	7
fra	nor	1864
ulc	rus	2
goh	rus	1
fra	fij	1
swe	mar	2
bul	tgk	9
eng	oci	12
eng	jpn	100739
eng	slv	9658
rup	deu	1
grc	sme	3
grc	bod	1
sux	rom	1
ben	mol	1
ukr	slk	85
ava	tgk	3
tha	vie	1
snd	ben	1
urd	bul	2
por	ces	95
ita	mya	1
chg	deu	1
abk	kat	38
urd	hin	108
isl	deu	315
mlg	fra	23
non	eng	41
por	urb	2
jpn	tam	2
ara	fra	2085
grc	kmw	6
gez	amh	2
kat	nor	2
est	tgk	8
uzb	ben	2
dan	ukr	15
nld	fra	3304
jpn	hun	129
nor	heb	19
djj	eng	18
lat	enm	11
heb	mal	1
egy	fra	59
smo	tkl	15
hye	pol	15
mwp	eng	1
uzb	bul	3
tuk	pol	2
grc	kir	3
por	bre	2
grc	bkb	1
hmn	zho	1
ben	pan	1
gle	fra	27
ben	mar	45
kal	ces	1
pli	isl	1
ces	bel	17
yid	dan	19
pus	jpn	1
deu	kek	1
hin	bak	1
ron	ces	71
grc	che	1
lav	aze	10
spa	slk	313
kal	fin	1
ava	tuk	2
mya	lav	1
nci	spa	8
grc	gsw	6
grc	pan	2
sqi	ukr	2
kha	hin	2
swe	fas	102
grc	sin	7
rus	gld	2
vep	est	2
enm	cym	1
peo	spa	3
orv	spa	3
jpn	urd	6
dak	cre	6
tyv	eng	1
est	pol	49
dar	eng	1
niu	tkl	6
grc	mmn	1
cym	pol	3
heb	mlt	3
orv	dan	1
est	kir	6
eng	udm	3
tca	spa	3
tuk	urd	2
psi	eng	3
ukr	ori	1
eng	rug	1
heb	vot	1
ast	spa	49
lav	nor	5
heb	bel	5
chu	deu	6
gml	fra	1
spa	mkd	97
nor	fao	53
kir	ita	2
tpi	eng	1
heb	nga	4
beq	eng	1
grc	tnm	1
cym	nor	2
grc	tgk	3
chu	ces	2
uzb	tur	2
heb	ukr	4
moe	fra	1
fas	hye	1
eng	heb	8620
ang	ben	1
pol	dan	85
gld	nld	1
ron	jpn	27
dan	ara	63
eng	syb	3
glg	eus	87
hin	ori	96
hbs	bul	167
kan	mar	29
lat	por	507
lat	oci	3
mjy	eng	1
nor	dan	2974
egy	spa	15
zho	lhu	30
rus	heb	108
por	oym	1
ita	swa	3
ava	ukr	4
grc	mon	7
zho	est	23
mdf	rus	88
bul	eng	437
cuk	spa	2
grc	kur	3
kan	urd	6
gld	khm	1
grc	srm	3
fro	sqi	2
bre	oci	4
afr	fra	16
sna	eng	3
dlg	rus	11
oge	kat	2
sqi	pol	15
lat	heb	21
swe	slk	144
ell	lav	1
grc	mzm	1
por	tgk	1
jam	spa	1
egy	est	1
heb	orv	1
sar	fra	1
kon	fra	8
lat	hbs	392
pol	aze	6
ell	pol	54
ron	hbs	127
ben	slk	7
bul	sqi	14
swe	syr	5
gld	fin	1
xno	eng	8
ang	ita	3
ell	ltz	1
hye	fin	2
est	hun	42
lat	sco	1
tha	nor	1
bra	rus	1
tat	kat	1
slv	zho	5
nep	urd	1
eus	gla	1
hai	eng	2
rus	bod	3
bod	hin	6
osa	eng	1
deu	kaz	49
fra	slv	1962
mal	swe	1
ava	mol	1
heb	vie	1
ukr	kir	14
gld	mon	1
eng	mzw	1
pol	spa	565
scn	eng	2
yid	ces	9
swe	swa	2
mon	xal	5
ces	kaz	8
ukr	kaz	14
heb	kos	1
kat	lav	7
lah	eng	2
kbd	kaz	1
heb	oku	1
yid	fas	1
grc	nhu	4
ara	lav	3
eng	akl	3
tgk	slk	2
fra	djc	4
ces	zho	106
non	hun	2
spa	mol	40
bul	kur	1
bel	uig	1
lav	bul	17
sda	fra	1
kir	asm	2
swe	pus	1
dan	aze	4
rus	ava	57
slv	dan	5
nez	eng	1
kaz	uzb	12
heb	mzw	3
kan	fra	3
mon	bua	4
eng	daa	2
jpn	uzb	7
deu	enm	1
hop	deu	4
ita	zho	682
dak	oji	1
oty	fra	1
iku	deu	12
hun	mol	11
bod	spa	79
sah	deu	1
orv	oss	1
rus	eng	12385
osp	por	4
fin	jpn	119
ara	tur	907
mkd	hun	8
tgk	bel	8
heb	wib	2
ron	asm	2
ava	kaz	3
eng	mbd	10
mkd	ita	6
ukr	udm	2
dan	cat	116
rus	kac	1
kat	tat	1
chv	nld	6
eus	pol	2
grc	pau	2
ukr	amh	1
fas	urd	64
tam	zho	1
ast	deu	1
lat	goh	2
fra	yid	6
nld	fas	7
urd	slv	2
ukr	pus	1
cop	lat	1
ces	mkd	26
heb	mmn	1
tur	est	5
krc	lit	1
csb	deu	1
grc	nwb	1
lat	ita	1392
ell	eus	2
jpn	epo	5
ita	bre	4
amh	por	1
pus	uzb	4
deu	nde	1
agr	spa	1
dua	eng	1
deu	sme	2
urd	swe	3
yum	eng	1
dan	mol	10
deu	que	5
ben	tur	3
lit	kir	2
tel	ita	2
kij	eng	1
hbs	mal	1
fro	eus	1
rcf	eng	3
fro	slv	2
vie	mol	6
snd	guj	9
ukr	kbd	1
ces	eus	5
mol	fra	112
tam	eng	241
hin	uig	1
enm	deu	17
ara	ron	40
eng	vie	84
lat	glg	43
tam	ces	3
fra	xrb	7
lav	lit	104
arg	spa	2
eng	hdy	1
zho	khm	5
rus	hau	24
bel	abk	1
lad	heb	3
lat	kor	66
hye	deu	25
hun	lat	11
eng	lit	6951
cat	eng	878
hbs	jpn	47
lit	pol	221
mar	fra	18
scl	deu	1
aze	eng	30
oci	dan	1
rus	olo	1
kir	vie	1
kan	swe	1
zho	mkd	15
pus	tuk	1
guc	eng	1
cop	ita	1
lat	slv	72
nld	rus	125
ukr	isl	1
sqi	spa	109
jpn	tuk	1
jpn	ron	87
ell	nld	94
deu	uig	17
heb	ntr	1
nep	eng	12
cat	ara	13
osp	deu	3
pli	cat	1
san	xal	1
por	fin	85
urd	mal	19
kat	kum	1
mhq	eng	1
ara	sin	5
mol	nld	2
kor	tha	1
bul	ell	43
hit	fra	1
ori	kan	3
slk	jpn	6
fra	tah	3
zho	mon	1467
fra	bas	3
est	epo	12
hun	sin	1
kat	hin	2
jpn	kor	65
mlt	ara	1
oss	ell	1
bul	dan	13
eng	ota	1
glg	deu	8
chm	aze	1
fra	ita	10982
zho	por	71
eng	uig	101
dum	pol	2
est	sqi	1
deu	slk	2525
bre	epo	2
tgk	sah	1
ell	hye	5
que	deu	2
lez	aze	1
mlg	eng	4
cat	ell	17
cat	mal	1
grc	acf	1
deu	hem	1
mau	fra	2
guj	spa	4
eng	ces	32184
deu	vmw	1
lit	bul	21
tur	nor	34
rus	che	53
nor	kat	4
hye	tuk	4
uga	eng	3
iku	bul	1
grc	kus	1
tsg	eng	1
heb	wwa	2
grc	kal	3
kur	aze	1
lit	ben	2
kor	spa	100
mri	fra	1
heb	sqi	9
fra	muy	9
eng	nbl	3
orv	kom	1
grc	coe	1
gmh	est	1
uig	tur	1
sln	eng	3
mal	raj	1
hbs	dan	44
eng	sat	1
cat	lit	14
kal	nor	3
dar	lit	1
tat	bel	4
ara	tam	26
dak	chp	1
fra	pil	2
ben	san	5
smo	tah	1
oji	spa	1
fil	rus	3
heb	kgh	1
tat	tam	1
rus	mdf	32
ava	mon	1
hin	tur	4
hbs	lit	33
ukr	hbs	44
nld	epo	21
eng	bul	13475
rus	niv	3
bul	kaz	9
urd	cat	1
bul	dar	1
crs	fra	2
eus	nld	6
deu	sah	2
vie	spa	10
kaa	deu	1
amh	mkd	2
heb	kor	8
tur	ukr	10
tri	nld	1
dan	glg	17
eng	lua	2
heb	ozm	1
mkd	jpn	1
aze	mon	2
chv	slk	1
zho	sin	8
heb	dnn	1
deu	slv	3503
ara	tel	2
eng	fao	140
guj	ces	1
som	eng	11
slk	fra	80
ron	zho	9
tur	mkd	42
epo	ita	2
nld	lav	20
kir	amh	2
deu	spa	20424
jpn	ell	75
heb	apr	1
med	eng	1
ces	rom	5
rus	sjd	2
eng	kal	64
cop	fra	44
eng	sah	4
yor	nor	1
bla	deu	1
ara	ukr	10
slk	bel	9
fao	deu	8
kat	tur	5
poq	spa	1
pli	hun	6
nep	asm	3
grc	msm	1
orv	ukr	14
grc	xed	1
kat	ara	7
ita	nor	380
fao	isl	7
ukr	lav	21
isl	fra	108
eng	kgh	8
pol	kir	4
pus	aze	1
bel	mol	19
por	dan	130
fri	fra	3
que	rus	1
sux	jpn	2
spa	rus	846
kat	guj	1
ori	mar	5
rus	urd	121
hun	kor	5
fas	ron	24
bul	ces	159
lat	cat	272
inh	tat	1
lit	uzb	5
tyv	deu	1
hye	mol	7
nor	ukr	14
slv	rom	2
bod	nor	5
ava	ita	2
ces	tur	30
ita	ina	3
heb	any	2
alt	rus	48
kut	eng	3
dar	ukr	1
swa	swe	3
spa	lav	86
fra	yre	1
ell	slk	16
pan	tam	5
bul	oss	1
yid	kaa	1
dan	pan	1
ita	cos	2
tur	eng	295
mon	bak	1
kir	fin	4
ell	rus	125
chv	bak	4
tha	asm	1
fra	frm	1
mar	san	2
mqb	fra	6
rus	kca	3
rom	fin	1
mkd	dan	6
por	urd	2
kor	tgk	1
eng	rop	3
jpn	kaz	4
lat	non	1
grc	bel	4
khq	eng	1
dua	fra	3
vep	rus	1
ota	ara	1
eus	sqi	1
yid	rus	164
mkd	ces	14
ita	gsw	3
ojp	deu	2
swe	lit	268
hin	sqi	3
wln	nld	1
ces	ukr	73
heb	frm	3
sga	gle	1
mkd	lav	1
fin	som	5
grc	sld	4
kom	eng	9
lbe	rus	34
jrb	eng	4
syr	hbs	4
swe	uig	2
tem	fra	1
deu	aar	1
lat	ast	3
gld	rus	17
vie	kat	2
isl	ces	23
ron	isl	1
sux	nor	5
fra	kmw	1
niv	sah	1
fra	kdh	3
snd	ori	2
msa	nld	67
hin	mkd	2
enf	nld	1
aze	nor	1
eus	swe	2
heb	pjt	1
azz	spa	1
mkd	deu	35
tuk	lit	11
cos	fra	44
grc	mzw	4
ukr	ell	1
uzb	kir	13
ron	est	17
yua	eng	5
tgk	kir	4
zho	kan	1
fin	kur	2
fin	vep	1
lat	nor	81
ita	bul	411
nor	lav	82
fas	uzb	42
mal	sin	1
gmh	ces	4
rus	tgk	786
ron	nor	11
nap	jpn	2
heb	ben	1
kor	epo	1
por	epo	3
lit	sqi	1
eng	ita	30169
pol	urd	1
otk	tur	7
kas	fra	3
plw	eng	1
rus	lez	61
gsw	deu	17
cym	jpn	1
kor	sqi	1
swe	ara	129
uzb	est	7
eng	tog	1
nld	mri	3
mov	spa	1
swe	vie	4
egy	hbs	7
yor	por	1
mnc	deu	4
mlt	eng	11
kat	swe	2
lat	urd	3
por	heb	51
gmh	fra	71
fra	fod	1
sux	ces	3
eng	acd	1
syr	ces	3
new	eng	3
kur	bel	5
fra	xed	3
kat	deu	71
grc	hns	1
zho	mya	16
nep	deu	6
bul	mkd	82
mkd	spa	5
grc	gde	6
ukr	mkd	5
eng	nso	10
tab	eng	1
grc	uig	11
tyv	lit	1
lat	hun	539
ori	rus	1
grc	wmt	1
deu	tat	4
lav	ita	6
vie	mkd	1
axm	eng	2
grc	apz	1
gcf	deu	2
zho	slk	31
ron	rus	459
glg	ast	25
kik	ita	1
deu	tuk	5
grc	lef	3
run	fra	3
zho	eng	1946
pol	ces	1008
heb	ntm	7
afr	ita	2
deu	ilk	1
nap	spa	2
yrk	ukr	2
grc	syb	1
nld	mol	4
kaz	tgk	4
fra	est	1166
bre	spa	1
lao	deu	3
eng	tgk	20
grc	cym	15
heb	gmh	1
nog	eng	1
tel	ell	1
jpn	ast	1
cab	eng	1
hun	nld	146
enm	hbs	1
nld	swe	562
eng	fra	149788
jpn	ces	116
akk	ron	1
eus	glg	48
dan	som	35
pro	spa	11
uig	kaz	12
oge	deu	1
smj	eng	1
grc	wiu	1
mkd	fra	49
deu	kat	94
ast	glg	12
bod	slv	2
mns	est	3
kir	slk	3
eng	mmn	1
pus	kat	2
dan	cym	6
tur	uzb	7
tel	new	1
grc	hdy	3
ukr	kat	28
enm	spa	15
ara	oci	1
ita	fin	763
kan	ara	2
nld	slv	215
grc	dyi	1
slk	dan	2
heb	chv	2
non	fao	4
lit	sin	2
chg	kaz	2
ara	lat	12
bod	ces	28
nor	lit	124
nor	hin	1
sme	smj	5
pol	swe	196
heb	slm	1
fra	udl	1
pro	ita	8
spa	mon	5
spa	dan	742
deu	swg	5
eng	ukr	450
pcm	fra	2
fra	oci	160
ces	ron	93
ell	ara	18
kir	eng	16
zho	ron	74
sag	fra	1
hun	zho	64
yid	nld	38
hin	ces	7
arc	ara	1
ara	eus	9
ben	kan	22
kat	vie	1
hbs	ell	85
heb	ang	1
lis	zho	1
aze	est	10
kbd	mol	1
sme	rus	2
pol	slv	142
